,region,dealerMainCode,m0,m1,m2,m3,m4,m5,m6,m7,m8,m9,m10,m11,m12,m13,m14,m15,m16,m17,m18,m19,m20,m21,m22,m23,m24,m25,m26,m27,m28,m29,m30,m31,m32,m33,m34,m35,m36,m37,m38,m39,m40,m41,m42,m43,m44,m45,m46,m47,m48,m49,m50,m51,m52,m53,m54,m55,m56,m57,m58,m59,m60,m61,m62,m63,m64,m65,m66,m67,m68,m69,m70,m71,m72,m73,m74,m75,m76,m77,m78,m79,m80,m81,m82,m83,m84,m85,m86,m87,m88,m89,m90,m91,m92,m93,m94,m95,m96,m97,m98,m99,m100,m101,m102,m103,m104,m105,m106,m107,m108,m109,m110,m111,m112,m113,m114,m115,m116,m117,m118,m119
0,ADSD-N,B010,1,1,3,3,4,4,3,3,3,4,3,4,1,1,3,4,3,3,4,3,2,3,3,3,1,1,2,3,3,5,3,3,2,3,3,3,1,1,2,3,4,4,3,3,2,3,3,4,1,1,3,3,3,5,4,3,2,3,4,3,1,1,2,3,3,4,3,3,3,3,3,3,1,1,2,4,4,4,3,3,2,4,3,3,1,1,2,4,3,4,5,4,2,3,3,3,1,1,2,3,3,4,4,3,4,3,4,3,1,1,2,2,2,4,4,3,2,5,2,3
1,ADSD-N,B190,1,1,3,3,4,4,3,4,2,3,4,2,1,1,2,3,3,5,3,3,4,3,3,3,2,1,3,3,3,5,3,3,2,3,3,3,1,1,2,2,3,4,3,3,2,3,3,3,1,1,3,4,4,5,3,3,2,2,3,4,1,1,2,2,3,4,3,3,3,3,3,3,1,2,3,3,4,4,3,3,2,3,3,3,1,1,3,4,3,4,3,3,3,3,3,3,1,2,3,5,4,4,4,3,3,3,4,3,1,1,2,2,3,4,4,3,2,3,3,4
2,ADSD-N,B030,1,1,2,3,4,3,3,2,2,3,3,3,1,2,2,3,3,3,3,3,3,3,3,2,1,1,3,4,3,4,3,3,3,3,2,3,1,1,2,2,3,4,3,3,3,3,2,5,1,2,2,2,3,5,5,4,2,3,2,3,1,1,2,2,4,3,4,4,3,3,4,3,1,2,2,2,2,4,2,3,3,3,4,4,1,1,3,2,4,4,3,3,3,4,3,3,1,2,3,3,4,5,3,4,3,4,4,3,1,2,3,4,4,5,4,2,3,3,3,3
3,ADSD-N,B150,1,1,3,3,5,5,4,3,3,4,4,3,1,1,2,4,4,4,3,3,2,3,3,3,1,1,2,2,4,4,5,3,2,3,3,3,1,2,3,3,3,4,4,2,3,3,4,4,1,1,3,3,3,4,4,3,3,3,3,3,1,1,3,3,4,4,4,3,2,3,3,3,1,2,2,3,3,3,3,5,3,4,3,2,1,2,2,3,3,4,4,2,3,3,3,3,1,2,2,3,3,4,3,4,3,4,3,5,1,1,3,3,2,4,3,3,3,4,2,3
4,ADSD-N,B160,1,2,2,3,3,3,3,3,2,2,3,3,1,1,3,3,4,5,3,3,2,3,3,3,1,2,3,3,3,5,4,3,3,4,3,3,1,2,2,3,3,5,4,5,2,4,4,3,1,1,3,3,4,4,3,3,2,3,5,3,1,1,2,3,4,5,3,3,3,3,2,3,1,1,2,3,3,3,3,3,2,3,5,3,1,2,3,3,4,5,3,4,3,4,2,3,1,1,3,4,3,3,4,3,3,3,3,4,1,1,3,3,3,3,4,4,3,4,3,3
5,ADSD-N,B170,1,2,2,2,5,4,3,4,3,3,5,2,1,1,1,4,4,4,4,3,3,4,3,2,1,1,2,3,2,4,2,3,3,2,3,3,1,1,2,3,3,5,3,3,4,2,3,3,1,2,2,2,4,7,3,3,3,3,3,3,2,1,2,3,5,4,4,3,2,4,4,3,1,1,2,3,4,4,3,3,2,4,3,3,1,1,3,3,4,5,3,3,3,3,4,4,1,1,2,4,3,4,4,3,3,3,4,3,1,1,2,3,3,3,4,4,2,3,3,3
6,ADSD-N,B270,1,1,3,4,3,4,5,3,2,3,3,2,1,2,2,4,4,4,4,3,2,5,4,3,1,2,3,3,3,4,4,4,3,4,3,3,1,1,3,3,4,3,3,3,3,3,4,3,1,1,3,2,4,5,4,3,2,3,2,3,1,1,3,3,3,4,3,3,3,4,2,4,1,1,3,2,3,4,4,3,3,2,4,5,1,2,2,2,4,6,3,3,2,3,3,4,1,1,3,3,3,4,4,3,3,2,3,2,1,1,4,3,3,3,4,2,2,3,2,3
7,ADSD-N,B290,1,1,2,3,3,4,3,4,3,2,3,4,1,1,2,3,4,4,3,3,2,3,3,3,1,1,3,3,3,4,3,3,2,3,3,3,1,1,2,4,3,4,3,3,3,3,3,3,1,1,2,4,3,4,4,3,4,4,4,4,1,1,3,3,4,4,3,4,2,3,3,2,1,1,2,3,4,4,3,3,2,3,3,4,1,1,2,3,3,5,4,3,3,3,3,3,1,1,3,3,4,4,3,5,2,3,3,3,1,1,3,3,3,4,2,3,3,3,4,3
8,ADSD-N,B330,1,1,2,3,3,3,3,3,3,3,3,2,2,2,3,3,3,5,3,4,2,3,3,3,1,1,3,3,3,4,4,3,3,3,3,3,1,1,2,3,3,6,4,3,3,5,4,2,2,1,2,3,3,3,4,3,3,2,3,3,1,1,3,3,3,4,4,4,3,3,3,3,1,1,2,2,3,4,3,4,2,3,3,3,1,1,3,3,4,4,3,3,3,3,2,3,1,2,3,4,4,4,3,3,2,3,3,2,1,1,2,3,4,4,3,5,2,3,3,3
9,ADSD-N,B350,1,1,3,2,4,4,5,3,2,3,3,4,1,1,2,2,4,4,3,3,3,3,2,4,2,1,3,3,4,4,3,3,3,3,3,3,1,1,3,3,3,4,4,3,3,3,3,3,1,2,2,3,4,3,4,2,2,3,3,4,1,1,2,3,4,4,3,3,2,3,3,4,1,1,2,3,3,6,3,5,3,3,4,3,1,1,2,2,3,3,3,3,3,4,2,3,1,1,2,3,4,4,5,3,2,4,3,4,1,1,2,3,4,5,3,4,3,4,3,3
10,ADSD-N,B370,2,1,2,3,3,4,3,3,3,4,4,3,1,2,2,2,4,4,4,3,3,3,3,3,1,1,2,3,4,4,4,3,2,3,3,4,1,1,3,3,3,4,3,3,3,3,3,2,1,1,2,2,3,4,4,3,2,3,3,3,1,1,2,3,2,4,3,3,3,2,3,3,1,1,3,4,4,4,5,3,3,3,4,5,1,1,2,3,6,4,3,3,3,2,3,3,1,1,2,3,4,4,4,3,3,3,4,3,1,2,2,3,3,4,3,3,2,3,3,4
11,ADSD-N,B420,1,1,2,2,4,4,3,3,3,3,3,3,1,1,2,3,4,4,4,4,2,4,4,4,1,1,2,3,3,3,3,3,2,3,4,3,1,1,2,2,3,6,4,2,3,3,3,3,1,1,2,4,3,4,3,3,2,3,3,3,1,1,2,3,4,3,4,3,2,3,3,3,1,1,2,3,4,3,3,3,3,3,3,3,1,2,4,3,4,3,3,3,3,4,2,4,1,1,2,3,3,4,3,4,3,4,3,3,1,1,2,3,3,3,3,3,3,3,3,3
12,ADSD-N,D070,1,1,2,3,4,4,3,4,2,3,4,3,1,1,3,3,3,4,3,3,2,3,2,3,1,1,2,2,3,3,5,3,3,3,3,3,1,2,2,3,4,4,2,3,3,3,3,3,1,1,2,4,3,4,3,6,3,4,2,3,1,1,3,3,4,4,3,5,4,3,3,3,1,1,2,4,3,4,3,3,3,2,2,4,1,1,3,3,4,5,4,3,2,3,3,3,1,1,2,3,4,4,3,3,2,4,3,3,1,1,3,4,3,4,3,3,2,3,3,4
13,ADSD-N,D090,1,1,2,3,3,4,4,3,2,3,3,2,1,1,2,2,3,5,4,3,2,3,3,3,1,1,2,3,3,4,5,3,3,3,3,3,1,1,2,3,4,4,3,3,2,3,3,4,1,1,3,3,3,5,3,3,2,3,4,3,1,1,3,3,3,5,5,3,3,3,3,2,1,1,3,2,4,4,4,3,3,3,2,3,1,1,2,4,3,4,2,3,3,3,2,3,1,1,2,2,5,4,4,4,3,2,4,3,1,1,2,3,3,4,4,3,3,3,3,3
14,ADSD-N,D100,1,2,2,3,4,3,3,3,3,3,4,3,1,1,3,4,3,5,3,2,2,3,3,3,1,1,3,2,3,4,3,3,2,4,4,3,2,1,2,3,5,5,3,3,2,3,3,3,1,1,2,4,3,5,4,4,3,4,3,3,1,1,2,3,3,4,3,3,3,3,2,4,1,1,2,3,3,4,3,3,2,5,3,3,1,1,2,3,3,4,4,4,3,3,4,3,2,1,2,3,4,5,3,3,3,3,3,4,1,1,2,3,4,4,3,4,2,4,3,3
15,ADSD-N,D120,1,2,2,3,3,5,5,3,3,3,3,3,1,2,3,2,3,4,3,3,2,3,3,2,1,2,2,2,3,5,3,4,3,3,3,3,1,1,2,4,3,4,3,3,2,3,3,3,1,2,3,4,3,4,3,3,3,5,3,3,1,1,3,3,3,4,4,3,2,3,2,3,1,1,3,3,4,4,4,4,3,3,3,2,1,1,3,4,3,3,3,4,3,3,3,2,1,1,2,3,3,4,3,3,2,2,3,3,1,1,2,4,3,4,3,4,2,3,4,2
16,ADSD-N,D180,1,1,3,3,3,4,3,3,3,3,3,4,1,1,2,4,3,4,3,3,3,3,2,3,1,1,2,3,4,4,4,3,2,4,4,3,1,2,2,2,3,3,3,3,3,3,3,4,1,1,4,3,4,5,4,3,2,4,3,3,1,1,3,3,3,4,3,4,2,4,3,4,1,1,2,3,4,3,3,3,3,3,3,4,1,1,3,4,4,4,3,3,3,3,3,3,1,1,2,3,4,3,4,2,3,3,2,3,1,1,3,3,4,4,3,4,3,3,3,4
17,ADSD-N,D241,1,1,2,3,3,3,4,3,2,2,3,3,1,1,3,3,3,3,3,3,3,3,2,3,1,1,3,3,3,4,4,3,2,3,3,2,1,1,2,3,3,4,4,3,4,3,4,3,1,1,2,3,4,4,3,4,2,3,3,3,1,2,2,3,4,4,3,2,3,3,4,2,1,1,2,3,3,5,4,3,3,3,3,2,1,1,3,2,3,5,4,4,3,3,3,4,1,1,2,4,3,3,4,3,3,3,3,4,1,1,2,3,3,4,4,3,3,3,3,4
18,ADSD-N,D260,1,1,3,4,3,6,3,3,2,3,3,3,1,1,2,3,4,4,3,3,3,3,3,3,1,1,3,3,3,4,3,4,2,4,3,3,1,1,2,3,3,4,5,3,2,5,3,3,1,2,2,2,3,5,4,3,3,3,3,3,1,1,2,3,4,5,3,3,2,3,3,3,1,1,2,2,4,5,3,3,3,3,3,3,1,2,3,3,3,5,3,3,2,3,3,3,1,1,3,3,4,5,4,3,2,3,3,3,1,1,2,3,4,3,3,3,2,5,3,3
19,ADSD-N,D310,1,1,3,3,4,5,3,4,3,2,3,3,1,1,2,3,3,4,4,3,2,3,4,3,1,1,2,3,3,3,3,3,3,3,3,4,1,1,3,3,3,4,4,3,3,4,3,3,1,1,3,3,4,4,4,5,4,4,3,3,2,2,3,3,4,5,3,4,3,2,2,3,1,1,2,3,3,4,3,3,2,3,2,4,1,1,2,4,3,3,3,3,3,3,2,4,1,2,2,2,4,4,4,3,3,3,3,3,1,1,2,2,3,4,3,4,3,4,4,4
20,ADSD-N,D350,1,1,2,3,3,5,3,3,2,3,4,3,1,1,2,3,3,3,4,4,3,3,3,3,1,1,2,4,3,5,3,3,2,3,3,3,1,2,3,3,3,4,2,3,2,3,3,3,1,2,2,3,3,4,3,3,2,4,3,3,1,2,2,2,5,5,3,4,2,3,3,3,1,1,2,4,5,4,3,4,3,2,3,4,1,1,2,2,3,4,4,3,2,3,2,3,1,1,3,3,3,4,3,4,3,3,2,3,1,1,3,3,3,4,4,3,3,3,3,4
21,ADSD-N,D390,1,1,3,3,3,3,3,3,3,3,3,3,1,2,2,3,3,5,3,3,2,3,3,2,1,1,2,3,3,5,4,4,2,3,3,2,1,2,2,3,3,4,3,3,2,2,3,3,1,1,3,3,4,5,4,3,2,3,4,3,1,1,2,3,4,3,4,3,4,3,3,3,1,1,3,4,3,4,4,3,2,2,3,3,1,2,3,3,3,4,4,4,3,3,3,3,1,1,2,3,3,5,3,3,3,4,3,3,1,1,4,3,3,4,3,3,3,3,3,3
22,ADSD-N,D420,1,1,2,3,4,3,4,3,3,3,3,2,1,1,3,4,3,4,4,3,2,2,3,3,1,1,2,3,3,5,4,3,3,3,3,2,1,2,2,2,4,3,4,3,2,3,3,2,1,1,3,4,4,3,3,3,2,3,3,3,1,1,2,4,3,4,4,3,2,3,2,4,1,2,2,3,5,3,3,4,3,3,4,3,1,1,3,3,3,4,4,3,2,3,3,3,1,1,2,3,2,4,4,3,4,3,3,3,1,1,2,3,4,5,4,3,2,4,3,3
23,ADSD-N,D430,1,1,2,3,4,5,3,3,2,3,4,3,1,1,3,3,3,3,4,3,3,3,3,3,1,1,3,4,4,4,4,5,3,3,3,2,1,1,2,2,3,4,3,3,3,5,3,3,1,1,2,3,4,4,4,3,3,3,4,3,1,1,2,4,4,3,3,4,2,3,2,3,1,2,2,3,5,3,4,4,3,2,3,3,1,1,2,4,3,4,4,3,3,3,4,3,1,2,2,3,4,4,3,2,2,4,3,3,1,1,3,3,4,4,3,2,3,3,4,2
24,ADSD-N,D440,1,1,2,3,4,4,3,3,3,3,3,3,1,1,3,4,3,4,3,4,2,3,3,4,1,1,2,3,4,4,4,3,2,3,3,3,1,1,2,3,3,4,3,3,2,3,3,3,1,1,2,2,3,4,4,4,3,3,3,3,1,1,3,3,3,3,5,2,2,3,3,3,1,1,4,3,3,5,3,3,4,3,3,3,1,1,3,3,3,3,4,4,3,4,3,3,1,1,3,3,3,4,3,3,3,3,4,3,1,2,2,3,4,4,4,3,3,3,2,3
25,ADSD-N,D470,1,1,4,3,3,4,3,3,3,3,3,4,1,1,2,3,3,6,2,4,3,3,4,3,1,2,3,3,3,5,4,3,2,3,3,3,1,1,2,3,3,4,3,3,2,3,4,2,1,1,3,5,3,4,5,3,2,4,2,3,1,1,3,3,4,4,3,4,3,3,3,4,1,1,3,2,4,3,3,3,3,3,3,3,1,1,2,4,3,4,3,3,3,2,3,3,1,1,3,3,3,4,4,3,3,3,3,3,1,1,2,2,3,4,3,4,2,3,3,3
26,ADSD-N,D480,1,1,2,3,3,4,4,3,3,4,2,4,1,2,2,3,4,5,3,4,3,3,3,3,1,1,2,2,4,6,3,3,3,3,3,3,2,1,2,3,3,4,3,2,3,4,4,4,1,1,2,3,4,4,4,4,2,3,3,3,1,1,3,3,3,4,3,4,3,4,3,4,1,1,2,3,3,4,5,3,4,4,3,3,1,1,3,2,3,4,3,4,2,3,3,3,1,1,2,3,3,4,4,3,2,3,4,3,1,1,3,3,3,4,3,3,3,3,2,3
27,ADSD-N,D500,1,2,3,3,4,4,5,4,2,5,3,3,1,1,2,3,3,3,5,3,3,4,3,3,2,1,2,4,3,4,3,3,2,2,3,3,1,1,2,2,3,4,5,3,2,3,2,4,1,1,3,3,5,4,3,4,3,3,3,3,1,1,2,3,4,6,3,3,3,3,2,3,1,1,3,3,3,4,4,3,2,3,3,3,1,1,3,2,3,3,4,2,3,3,3,4,1,1,2,3,3,4,3,2,2,3,3,3,1,1,3,3,4,3,4,4,3,3,3,3
28,ADSD-N,D600,1,1,3,3,3,3,4,3,3,4,3,3,0,1,3,3,3,5,3,3,3,3,3,3,1,1,2,3,4,3,3,3,3,4,4,3,1,1,2,3,3,3,3,3,2,4,3,3,1,1,2,2,3,5,4,4,2,3,3,3,1,1,2,3,3,4,3,3,2,4,3,3,1,1,2,4,3,3,5,3,2,3,3,3,1,2,2,3,3,3,5,4,3,3,3,3,1,1,3,3,4,4,5,3,2,3,4,2,1,2,2,3,4,5,3,4,2,3,3,3
29,ADSD-N,E070,1,1,4,3,3,4,5,3,2,5,5,3,1,1,3,3,3,4,3,3,3,3,4,3,1,1,2,2,4,3,4,3,3,5,2,3,1,1,3,3,3,4,2,4,2,4,3,3,1,1,2,3,4,3,3,3,3,3,4,4,1,1,2,3,3,4,3,3,3,3,4,3,1,1,2,3,4,4,3,3,4,3,3,2,1,1,2,3,3,3,3,3,2,2,3,3,1,2,2,4,3,4,4,3,3,3,3,4,1,1,3,3,3,3,4,3,3,4,3,3
30,ADSD-N,E130,1,1,3,3,3,6,3,3,2,4,2,3,1,2,2,2,4,4,5,3,2,3,3,3,1,1,3,3,4,5,2,3,3,4,4,2,1,1,3,3,3,3,3,3,3,2,4,3,1,1,2,3,4,4,3,3,3,3,2,3,1,1,2,3,3,3,3,3,2,3,2,3,1,1,2,3,4,4,4,3,3,2,3,3,2,1,3,3,3,4,5,3,2,3,3,2,1,2,2,3,4,6,4,4,2,3,3,3,1,1,2,2,4,4,4,3,3,4,2,3
31,ADSD-N,E140,1,1,2,2,3,3,4,3,3,3,3,4,1,1,4,3,4,4,4,3,2,3,4,3,1,1,3,3,3,4,3,3,4,3,2,3,1,1,2,4,4,4,3,3,2,3,3,3,1,1,2,3,3,4,3,3,3,4,3,3,2,1,2,3,3,5,4,4,3,3,3,4,1,1,2,4,4,4,3,3,3,4,3,3,1,2,3,3,3,5,3,4,3,3,3,3,1,2,2,3,4,4,4,3,3,4,3,2,1,1,3,2,3,4,3,3,3,4,3,2
32,ADSD-N,E250,1,2,3,3,5,4,3,3,3,3,4,2,1,1,3,3,4,4,3,3,2,3,4,3,1,1,3,4,3,4,4,3,3,4,3,3,1,3,3,3,3,4,3,3,2,4,3,3,1,1,2,3,4,4,3,3,2,2,3,3,1,1,2,3,3,5,4,3,4,3,2,3,1,1,2,3,4,4,3,3,2,3,3,3,1,1,2,4,3,4,4,5,4,2,4,3,1,1,3,4,4,4,2,4,2,4,3,4,1,1,2,3,3,4,3,4,3,3,3,3
33,ADSD-N,E300,1,1,2,3,3,3,4,4,2,3,2,3,1,1,2,3,4,4,3,3,2,3,3,3,1,1,2,3,3,4,3,2,3,3,3,3,1,2,2,3,4,4,3,3,2,4,3,4,1,1,3,3,4,5,3,2,3,3,3,3,1,1,2,2,4,3,3,2,2,4,3,3,1,1,2,4,3,5,3,4,3,4,3,2,1,1,3,3,3,4,4,3,2,3,4,4,1,1,2,3,2,3,2,3,3,3,3,3,1,1,2,3,4,4,3,3,3,3,3,2
34,ADSD-N,E30A,1,2,2,3,4,5,3,5,3,4,3,3,1,1,2,3,3,4,3,3,3,3,3,3,1,1,3,3,5,3,3,3,3,4,3,3,1,1,2,2,4,5,3,3,3,2,4,3,1,1,2,3,3,4,3,3,2,2,3,4,1,1,2,3,3,5,3,3,2,4,3,3,1,1,2,3,3,4,3,3,3,3,3,3,1,2,2,2,4,3,4,4,4,3,2,3,1,1,4,2,3,4,3,3,2,3,3,3,2,1,2,3,2,5,3,3,2,4,3,3
35,ADSD-N,E330,1,1,2,3,4,4,4,4,2,4,3,2,1,1,2,3,3,4,3,2,2,3,3,3,1,1,2,2,3,4,3,3,3,2,2,2,1,2,2,2,4,4,3,3,3,3,3,3,1,1,3,2,5,3,3,4,2,3,3,3,1,1,3,3,4,6,4,3,2,3,3,3,1,1,2,3,4,4,4,3,3,3,3,3,1,2,3,3,3,4,3,3,3,2,2,3,1,2,3,3,3,3,3,3,2,4,3,4,1,1,2,3,3,3,4,4,3,2,3,4
36,ADSD-N,E459,1,1,2,4,4,4,3,3,3,4,2,3,1,1,2,4,3,4,3,4,3,3,3,3,1,1,3,3,4,4,4,3,4,3,3,3,1,2,2,3,4,4,2,4,3,3,4,3,1,2,3,2,3,4,4,2,2,4,3,3,1,1,2,2,3,4,4,3,3,3,3,3,1,1,2,3,3,5,5,3,2,3,3,3,1,1,3,3,3,3,4,4,2,4,4,3,1,1,2,3,4,4,3,4,3,4,3,4,1,1,3,2,4,4,4,3,2,3,3,3
37,ADSD-N,E480,1,1,2,3,4,3,3,4,3,3,2,3,1,1,3,4,3,4,4,3,2,4,4,2,2,2,2,3,3,3,4,3,2,3,3,3,1,1,2,3,4,5,4,2,2,4,3,3,1,2,2,4,3,3,4,3,2,3,3,4,1,1,2,3,3,5,3,3,3,3,3,3,1,2,2,2,3,4,3,3,2,3,3,3,1,1,2,3,4,4,5,4,2,2,3,3,1,1,2,2,3,6,4,3,3,4,4,3,1,1,2,3,3,3,3,4,3,4,3,3
38,ADSD-N,E490,1,2,3,3,4,4,3,4,3,3,4,3,2,1,2,2,3,4,3,4,3,3,4,3,1,1,2,3,4,3,4,2,2,3,3,4,1,1,2,3,3,4,2,3,3,3,2,3,1,1,3,3,3,4,4,3,3,5,3,3,1,2,2,3,3,4,4,3,2,3,4,4,1,1,2,3,4,4,3,5,2,3,3,3,1,1,2,4,3,4,3,3,3,4,3,3,1,1,2,3,4,3,4,3,3,3,3,3,1,1,2,3,3,3,3,3,3,4,3,2
39,ADSD-N,E500,1,1,2,2,4,4,4,4,3,2,3,3,1,1,3,3,4,6,3,4,3,3,3,3,1,2,2,3,4,4,3,3,3,3,3,3,1,1,3,4,3,4,3,3,2,3,3,3,1,2,3,3,3,4,3,2,3,4,4,3,1,2,3,3,3,4,4,3,3,3,2,3,2,1,2,3,3,3,3,3,2,3,3,3,1,1,2,4,4,4,3,3,2,2,3,2,1,2,2,3,3,4,3,4,2,3,3,3,2,1,2,3,4,4,4,3,3,3,3,3
40,ADSD-N,H070,2,1,2,2,3,4,3,3,2,4,3,3,1,1,2,3,3,6,4,3,3,4,3,3,1,1,2,3,3,4,3,3,2,2,2,4,1,1,3,2,4,4,2,4,2,3,3,2,1,1,3,3,4,5,4,3,3,2,3,3,1,2,4,3,2,4,3,3,2,3,3,3,1,1,2,3,3,4,3,4,3,3,2,3,1,1,3,4,2,6,3,4,3,3,3,2,1,1,3,2,3,4,3,3,3,3,4,3,1,1,3,3,4,5,4,3,2,4,3,2
41,ADSD-N,H140,1,1,2,2,4,3,4,3,3,3,2,3,1,1,2,3,4,3,3,3,3,4,3,3,1,1,2,2,3,5,4,3,3,4,3,3,1,2,2,3,3,4,5,4,3,3,3,3,1,1,2,2,4,4,3,3,2,5,3,2,1,2,2,4,3,3,4,3,3,3,3,3,1,1,2,3,3,3,3,4,2,3,3,2,1,1,2,2,4,5,4,3,2,2,4,3,1,1,2,2,4,5,2,3,3,3,3,3,1,1,2,3,3,4,3,3,3,3,3,4
42,ADSD-N,H160,1,1,2,3,3,5,3,4,3,3,3,3,1,2,2,2,3,4,3,4,2,3,3,4,2,1,3,2,3,4,3,3,3,3,3,3,1,1,3,3,3,5,3,4,3,3,3,2,1,1,2,2,3,5,3,4,3,3,5,3,1,1,2,2,4,4,3,3,2,3,4,3,2,2,2,3,3,4,3,4,3,3,3,3,2,1,2,3,5,4,3,4,3,4,4,3,1,1,2,3,3,4,3,3,2,3,3,3,1,1,2,3,3,5,4,4,3,2,3,4
43,ADSD-N,H190,1,2,3,3,4,5,4,3,4,3,3,4,1,1,4,3,3,4,3,3,2,4,2,4,1,1,2,3,3,3,3,4,3,3,3,3,1,2,2,2,3,4,3,3,3,3,3,3,2,1,2,3,4,4,4,4,2,3,3,3,1,1,3,3,4,4,4,3,3,3,5,4,1,1,3,4,4,4,3,2,2,3,3,3,1,2,3,3,4,3,4,4,2,3,3,3,1,1,3,4,3,5,3,4,3,3,3,4,1,2,4,3,3,3,3,3,2,3,3,2
44,ADSD-N,H200,1,1,3,3,4,6,3,4,3,4,3,4,1,1,2,2,3,4,3,3,2,2,3,4,1,1,2,3,4,3,4,4,3,4,3,4,1,1,2,3,3,5,3,3,3,3,4,5,1,1,2,3,2,5,3,3,3,3,4,3,1,1,2,3,5,5,4,3,3,3,3,3,1,1,2,3,4,4,3,4,4,3,2,3,1,2,2,2,4,4,3,3,4,3,3,5,1,1,2,2,3,4,4,4,3,3,3,3,1,2,2,4,4,4,3,3,3,3,3,3
45,ADSD-N,H270,1,1,3,2,3,4,3,3,2,3,2,3,1,1,3,3,3,3,4,2,2,2,3,3,2,1,2,3,4,4,3,4,3,4,2,3,1,1,3,4,4,3,4,3,3,3,3,3,1,1,3,3,3,3,4,3,3,3,2,3,1,2,2,3,4,5,3,3,3,3,3,3,2,1,3,3,4,6,4,3,2,4,3,4,1,1,2,3,5,4,3,3,2,3,3,4,1,1,3,3,4,3,4,3,3,3,3,3,1,1,2,3,3,4,3,3,3,3,3,4
46,ADSD-N,H330,2,1,2,2,3,4,4,4,3,4,3,3,1,2,3,3,3,4,3,3,3,4,4,4,2,1,2,3,4,3,4,4,2,3,4,4,1,1,3,3,3,5,3,4,3,3,3,4,1,2,2,3,3,4,3,3,4,3,4,3,1,1,3,3,5,4,2,2,2,4,3,2,1,1,2,3,3,4,4,3,2,3,3,3,1,1,2,3,4,4,3,3,3,3,3,3,1,2,2,3,3,3,3,3,3,3,3,3,1,1,3,3,3,4,4,4,2,3,3,4
47,ADSD-N,H360,1,1,3,3,3,4,4,4,3,3,3,3,1,1,2,2,5,5,3,4,2,3,3,3,1,1,3,3,3,4,5,2,3,3,3,4,1,2,2,3,3,4,3,3,2,5,2,3,1,2,3,3,3,3,4,4,2,3,3,3,1,2,2,3,4,4,3,3,2,3,3,2,1,2,2,3,4,5,4,3,2,3,2,3,1,1,2,3,4,4,4,4,3,5,3,3,1,1,2,2,3,3,3,3,2,3,3,3,1,1,2,3,3,4,3,4,3,3,2,3
48,ADSD-N,H370,1,1,2,3,3,4,4,3,4,3,3,3,1,1,2,3,3,4,3,3,3,3,3,3,1,1,2,3,4,4,4,3,2,3,2,2,1,2,3,3,3,4,4,3,2,2,3,3,1,2,3,4,3,3,2,3,2,2,3,3,1,1,3,2,3,4,3,4,3,4,4,3,1,2,2,2,4,4,3,3,3,3,3,3,1,2,3,3,3,3,2,3,2,3,3,3,1,2,3,3,3,5,4,2,4,2,3,3,1,1,2,2,3,5,4,3,3,3,3,4
49,ADSD-N,H430,1,1,3,3,4,3,3,4,3,3,2,4,1,2,2,3,3,3,4,3,3,3,3,3,1,1,3,3,5,4,4,3,4,3,3,4,1,1,3,3,4,4,4,3,3,4,3,4,1,1,2,3,4,5,4,2,3,3,3,3,1,1,3,3,3,4,3,4,2,3,3,4,1,1,3,2,4,3,4,3,3,3,2,3,1,1,3,3,3,4,4,4,3,4,4,4,1,1,2,4,4,5,4,3,3,4,3,4,1,2,2,3,4,4,3,4,2,2,3,3
50,ADSD-N,H510,1,1,2,4,4,3,4,3,2,3,3,3,1,2,2,4,3,4,3,3,3,4,3,3,1,2,2,3,3,4,4,3,3,3,4,3,1,1,2,2,4,5,4,4,3,3,4,3,1,2,3,2,3,5,3,3,2,4,2,3,1,2,2,3,2,3,4,3,3,3,3,4,1,2,3,3,3,3,3,3,2,3,3,4,1,1,3,3,4,4,4,4,2,3,3,3,1,2,3,3,4,4,4,3,2,3,3,4,1,1,3,4,4,5,3,3,3,3,3,3
51,ADSD-N,N020,1,1,2,3,3,5,4,3,3,3,2,3,1,1,2,3,3,4,4,3,3,4,3,3,1,2,2,3,3,3,4,4,3,3,2,4,1,2,3,3,3,4,3,3,3,3,4,3,1,2,2,3,3,4,3,3,4,4,3,3,1,1,3,2,3,6,3,3,2,3,2,3,1,1,3,3,4,4,6,2,2,3,4,2,1,2,2,2,3,4,3,3,2,3,4,3,1,1,2,3,4,4,4,2,4,3,3,3,1,1,2,4,3,4,4,4,2,3,3,3
52,ADSD-N,N02P,1,2,2,3,4,4,4,3,3,3,2,3,1,2,2,3,3,5,3,3,2,4,5,3,1,2,3,3,4,4,3,3,3,3,3,4,1,1,2,3,3,5,4,4,3,3,3,2,1,1,2,3,3,3,3,4,2,4,3,3,1,2,2,4,3,4,3,4,3,3,3,3,1,1,3,3,2,3,4,3,3,5,3,4,1,2,2,3,3,4,4,2,4,3,3,3,1,1,3,3,3,4,3,3,3,3,3,3,1,2,3,3,3,4,3,3,3,4,3,4
53,ADSD-N,N030,1,1,2,3,4,6,5,3,3,3,3,3,1,1,3,3,4,4,4,3,3,4,4,3,1,1,3,3,3,3,3,3,2,3,3,3,1,1,2,3,4,4,3,3,3,3,3,3,1,1,3,3,3,3,3,3,3,3,3,3,1,1,3,3,3,3,3,4,3,3,4,3,1,1,3,4,3,4,3,3,2,3,3,2,1,1,3,3,4,4,3,4,2,3,4,3,1,1,2,2,4,4,4,3,2,4,3,4,1,1,2,3,3,3,6,4,2,3,4,4
54,ADSD-N,N03C,1,2,3,3,3,5,4,3,3,3,2,4,2,1,2,3,4,4,4,4,3,4,4,3,1,1,3,3,3,4,3,3,3,3,4,3,1,1,3,3,4,4,4,5,3,3,3,3,1,1,2,2,3,4,4,3,2,3,3,3,1,1,2,3,3,4,3,3,2,3,3,3,1,1,2,4,3,5,4,3,2,2,3,2,1,1,2,3,4,4,3,4,3,3,3,3,1,1,3,3,3,4,5,3,3,2,3,3,1,2,2,5,3,4,4,4,2,4,3,3
55,ADSD-N,N050,1,1,2,3,4,5,3,4,2,3,3,3,1,1,3,3,3,4,3,3,2,3,2,3,1,1,3,3,3,5,4,3,3,3,4,4,1,1,2,3,4,3,4,3,2,2,3,3,1,2,2,3,4,5,3,4,3,5,4,2,1,1,3,3,5,4,2,3,2,3,3,3,1,2,3,3,4,2,3,3,3,3,5,3,1,1,3,3,3,3,3,3,3,3,2,3,1,1,3,2,3,5,4,3,2,2,4,4,1,2,3,2,3,5,3,3,2,3,3,5
56,ADSD-N,N070,1,1,2,3,2,4,3,3,2,4,3,2,1,2,2,3,4,4,4,3,3,3,3,3,1,1,2,3,5,4,3,3,4,4,3,3,1,1,2,3,3,4,3,4,3,3,3,3,1,1,2,2,4,4,5,3,3,4,3,2,1,2,3,3,2,4,3,3,2,3,3,3,1,1,2,3,3,4,3,2,3,3,4,4,1,1,2,3,3,4,4,3,3,4,3,3,1,1,3,3,3,3,5,3,3,3,3,3,1,1,2,3,4,3,4,3,3,3,3,3
57,ADSD-N,N140,1,1,3,3,3,4,4,3,3,3,2,2,1,1,4,3,3,4,4,4,2,3,3,2,1,1,3,3,3,5,3,3,3,3,4,3,1,1,2,3,4,5,4,3,2,4,3,3,1,2,3,3,3,4,3,2,2,4,3,2,1,1,2,3,3,5,4,3,3,4,4,3,1,2,3,3,5,4,3,4,3,4,3,3,2,1,2,3,4,4,4,4,5,3,3,3,1,2,3,4,3,4,4,3,3,3,3,2,1,1,3,3,3,3,3,3,3,3,4,2
58,ADSD-N,N600,1,1,2,3,3,3,3,3,2,3,3,3,1,1,2,3,4,4,3,4,3,3,2,3,1,1,2,3,3,5,3,3,3,2,3,3,1,1,2,4,4,5,3,2,2,3,4,3,1,1,2,3,3,5,3,3,2,3,5,3,1,1,2,4,3,4,4,3,2,3,3,3,1,1,3,3,3,4,4,3,3,4,3,2,1,1,3,3,4,5,4,3,3,3,3,4,1,1,3,4,5,5,3,4,3,3,3,2,1,1,3,2,3,4,4,4,3,2,3,4
59,ADSD-S,P020,1,2,3,3,4,4,4,3,4,4,3,4,1,2,3,3,3,4,3,3,2,3,2,3,1,1,3,3,4,5,3,3,2,3,3,3,1,1,2,3,3,4,4,3,2,3,3,2,1,2,3,4,4,4,4,3,3,3,3,3,1,1,2,2,3,3,3,4,3,3,3,3,2,1,2,3,3,3,4,3,3,4,2,3,2,1,2,3,3,3,3,3,3,2,4,4,1,1,2,3,3,5,3,2,2,2,2,3,1,2,3,3,4,4,3,2,4,4,3,3
60,ADSD-S,P050,1,1,2,3,4,4,3,3,2,2,3,3,1,1,3,3,2,4,3,3,3,4,3,3,1,1,3,2,4,3,3,3,3,2,4,3,1,1,2,3,3,4,3,3,2,4,3,3,1,1,3,4,2,6,3,3,3,3,3,3,1,1,3,3,5,6,3,3,2,3,2,4,1,1,3,3,2,3,4,3,3,3,3,5,1,1,3,4,3,4,3,4,2,3,3,3,1,1,2,4,4,4,3,3,2,3,3,4,1,1,3,4,4,4,4,3,2,2,2,3
61,ADSD-S,P120,1,1,2,3,4,5,4,2,2,3,3,3,1,1,3,3,4,4,3,3,3,3,3,2,2,1,2,3,3,4,4,3,2,3,2,4,1,1,2,3,3,5,3,3,3,4,3,3,1,1,3,3,3,5,4,3,3,4,3,4,1,1,2,3,4,5,2,3,3,3,3,3,1,1,3,3,4,4,3,4,3,3,3,4,1,1,2,4,3,4,3,3,3,3,4,3,1,2,2,2,3,5,3,2,3,3,3,3,0,2,2,3,3,4,4,4,3,3,3,4
62,ADSD-S,P160,1,1,2,3,4,4,4,4,3,3,3,4,1,1,2,3,4,4,3,3,2,3,3,3,1,2,2,4,3,4,4,4,3,3,3,3,1,1,2,4,4,5,5,4,3,3,3,2,1,1,3,4,4,5,3,3,2,4,3,2,1,1,2,3,4,6,3,3,3,3,3,3,1,1,2,2,4,4,4,3,3,3,3,3,1,1,2,3,4,4,4,2,2,2,3,3,1,1,2,3,3,5,3,4,3,3,3,4,1,1,3,3,3,4,3,4,2,3,4,3
63,ADSD-S,P210,1,1,2,3,3,4,3,3,4,3,2,3,1,1,2,3,4,5,3,3,3,3,3,3,1,1,3,3,3,4,4,3,2,4,3,3,1,1,3,3,4,3,4,3,3,3,2,3,1,1,2,3,4,4,4,3,3,3,3,3,1,1,2,3,5,3,3,3,2,5,3,3,1,2,2,2,3,5,5,4,3,3,3,3,1,1,3,3,3,4,3,3,3,3,3,3,1,1,3,3,3,3,4,3,2,4,2,3,1,1,3,2,4,4,3,3,2,3,3,3
64,ADSD-S,P230,2,1,2,4,3,6,3,3,3,3,3,3,1,2,3,3,3,3,3,3,2,2,4,3,1,2,3,4,3,4,4,6,2,4,4,3,1,2,2,3,4,5,4,3,3,2,3,4,1,1,2,3,3,4,4,3,2,3,3,3,1,1,2,4,4,4,4,3,2,3,4,3,1,1,2,3,4,4,3,4,3,3,2,3,1,1,3,4,3,5,3,4,3,3,3,3,1,1,2,3,4,4,3,4,2,3,3,3,1,2,3,3,3,4,3,3,3,3,3,3
65,ADSD-S,P260,1,1,2,3,3,3,4,3,2,3,3,4,1,1,2,4,3,4,3,4,2,3,2,5,1,1,1,3,3,4,4,4,2,2,4,2,1,2,2,3,4,4,3,2,3,3,3,3,1,1,3,3,4,4,4,4,2,4,3,2,1,2,2,3,4,4,3,3,3,3,4,3,1,1,2,3,4,4,4,3,2,3,2,3,1,2,2,2,3,4,4,3,2,3,3,2,1,1,2,3,3,5,3,4,3,3,4,3,1,1,3,4,5,4,4,3,2,3,3,3
66,ADSD-S,P280,1,1,2,2,4,5,3,3,3,3,3,3,1,1,2,3,3,3,3,3,3,3,3,3,1,1,2,3,3,4,4,3,3,3,3,3,1,1,2,3,3,4,5,3,3,3,3,4,1,2,3,3,4,4,4,3,3,4,3,3,1,1,2,3,3,4,4,3,3,3,3,2,1,1,2,4,3,4,3,3,3,3,3,3,1,2,2,3,4,4,3,3,3,3,4,4,1,1,3,3,3,3,3,4,2,3,3,3,1,1,4,3,3,5,4,4,3,2,3,2
67,ADSD-S,P310,1,1,3,3,4,4,4,4,2,5,2,3,1,1,2,3,2,4,4,3,3,3,3,3,1,2,3,3,3,4,3,2,3,2,4,3,1,2,2,3,4,5,3,3,3,4,3,4,1,1,3,3,4,4,3,3,3,3,3,4,1,1,2,3,3,3,3,4,3,3,3,3,1,1,2,3,4,4,4,3,3,3,2,4,1,1,2,3,4,5,4,3,3,3,3,3,1,1,2,4,3,4,3,3,2,3,4,3,1,1,2,3,3,4,3,3,3,3,3,4
68,ADSD-S,P340,1,2,4,3,4,4,3,3,2,4,3,3,1,1,2,3,3,4,3,3,3,4,3,3,2,1,2,2,3,5,4,3,3,3,3,3,1,2,2,4,3,4,4,3,2,4,3,3,1,1,2,4,4,4,4,4,3,5,3,3,1,1,2,5,4,6,3,3,3,3,2,3,2,1,2,3,3,4,4,3,2,4,3,3,1,1,2,3,3,4,3,4,3,3,3,2,1,2,2,4,5,4,4,4,5,4,3,2,1,1,3,3,2,5,4,4,2,3,4,3
69,ADSD-S,P370,1,1,2,3,3,4,3,3,3,4,3,3,1,2,2,2,3,4,4,3,3,3,3,3,1,1,3,3,3,4,3,3,2,4,3,3,1,1,2,3,3,3,5,3,3,3,3,3,1,2,2,4,5,5,5,3,2,3,3,3,1,1,2,3,3,4,3,4,2,4,3,5,1,1,3,3,4,4,2,3,2,3,3,3,1,1,3,2,3,4,3,4,2,4,3,4,1,1,3,3,3,2,3,3,2,3,3,4,1,2,2,4,4,5,3,3,3,3,3,4
70,ADSD-S,P380,1,1,2,3,3,3,3,3,2,2,3,3,1,1,3,3,3,4,3,4,2,3,3,3,1,1,2,2,4,3,3,3,3,3,4,4,2,2,2,3,4,5,4,3,3,4,3,4,1,1,3,2,4,3,3,3,2,3,3,3,1,1,3,3,3,5,4,3,2,3,2,4,1,2,3,3,4,4,3,3,3,4,4,3,1,1,2,3,3,4,3,3,3,3,3,3,1,1,2,3,4,3,4,3,3,4,4,2,1,2,2,3,4,5,3,3,3,2,3,3
71,ADSD-S,P420,1,1,2,3,4,3,3,4,3,4,3,2,1,1,2,4,3,4,3,3,3,3,3,5,1,1,2,5,3,4,3,3,3,3,5,3,1,1,2,3,3,3,3,3,3,3,3,3,1,1,2,3,3,5,4,3,2,4,3,4,1,1,3,3,4,5,5,2,3,3,3,3,1,2,3,3,4,4,4,3,3,2,3,4,1,1,4,3,4,5,4,3,3,3,2,3,1,1,3,3,4,4,3,4,2,3,4,3,1,1,2,3,3,3,4,4,3,3,3,3
72,ADSD-S,R050,1,1,3,3,3,4,5,3,2,3,3,2,1,1,2,3,3,4,4,4,4,3,2,2,1,1,2,3,3,4,4,4,2,3,3,3,1,2,2,2,4,5,3,4,2,3,2,3,1,1,3,3,3,4,4,3,3,4,4,3,1,1,2,3,3,4,4,4,3,4,3,3,1,2,2,3,4,3,2,3,3,4,3,3,1,1,2,3,3,5,4,4,3,3,3,3,1,2,2,3,3,5,3,3,3,3,3,2,1,2,3,4,4,3,4,3,2,3,4,3
73,ADSD-S,R070,1,1,2,3,3,3,4,3,2,3,5,3,1,2,2,3,4,4,4,4,2,3,3,3,1,1,3,3,4,4,3,3,3,3,3,4,1,2,3,3,3,3,4,3,3,4,3,2,1,2,2,2,3,5,3,4,3,3,3,3,1,1,2,3,3,3,3,4,3,3,3,2,1,1,3,2,3,5,4,4,3,3,3,4,1,1,2,3,3,5,4,3,3,3,3,3,1,2,2,2,4,4,3,3,3,4,3,3,1,1,3,3,3,5,4,3,2,3,4,3
74,ADSD-S,R080,1,1,3,3,4,6,4,3,2,3,3,2,1,1,2,3,4,3,4,3,2,3,3,4,1,1,3,3,3,4,3,3,2,3,2,3,1,1,3,3,3,4,4,3,3,2,3,4,1,2,2,3,4,3,4,4,3,4,2,3,1,1,2,3,3,4,3,3,4,3,2,3,1,2,2,4,3,5,5,4,2,3,3,2,1,1,2,3,5,6,5,2,4,2,3,2,1,1,3,3,4,4,4,3,2,3,4,4,1,1,3,3,4,4,3,4,3,3,3,3
75,ADSD-S,R095,1,2,2,3,2,6,3,4,3,3,3,3,1,2,2,3,3,4,3,5,3,3,3,4,1,1,2,3,2,4,3,2,2,3,3,3,1,1,2,5,4,3,4,3,4,3,3,3,1,1,2,4,3,4,3,3,3,3,3,3,1,2,2,3,3,4,4,4,3,3,3,3,1,1,2,3,3,4,3,3,2,4,3,3,1,1,3,2,5,4,3,3,2,3,3,3,1,1,3,3,5,3,3,3,3,2,2,4,2,1,2,2,3,4,3,3,2,3,2,3
76,ADSD-S,R100,1,1,2,3,3,4,3,4,3,4,3,3,1,1,4,3,3,3,4,3,3,3,3,3,1,2,2,3,3,4,3,3,3,3,4,5,1,2,3,3,3,4,5,4,3,4,3,2,1,2,2,3,3,3,4,3,2,4,3,3,1,2,2,3,4,5,4,3,3,4,3,4,1,1,2,3,3,4,4,3,3,4,3,2,1,1,3,2,3,5,4,3,2,3,4,3,1,1,2,3,4,4,3,3,3,3,3,3,1,2,2,4,3,5,3,3,4,3,3,3
77,ADSD-S,R120,1,1,3,3,4,4,3,4,2,3,3,3,1,1,2,4,3,4,4,3,3,3,4,3,1,1,3,3,3,5,4,3,3,2,3,2,2,1,2,3,3,4,5,3,3,3,4,4,2,1,2,3,3,4,3,4,3,2,3,2,1,2,3,2,3,4,2,3,3,3,2,4,1,1,2,3,3,4,4,3,2,4,2,3,1,1,2,3,3,4,4,3,3,3,3,2,2,1,2,3,4,4,3,3,2,3,2,3,1,1,3,3,3,6,3,3,2,3,4,3
78,ADSD-S,R150,1,1,3,3,4,3,3,3,3,3,3,3,1,1,2,3,4,3,3,3,2,3,2,3,1,1,3,3,4,3,4,3,2,3,3,3,1,1,2,3,4,4,3,4,2,3,3,3,1,1,2,2,3,4,3,3,3,2,3,2,1,1,3,3,3,6,4,4,3,3,2,3,1,1,2,3,3,4,3,4,3,3,3,3,1,1,3,3,3,4,3,3,3,3,3,3,1,1,2,3,3,5,4,3,3,3,2,3,1,1,3,3,3,5,3,3,3,3,2,3
79,ADSD-S,R160,1,1,2,3,3,3,3,2,2,3,3,3,1,1,2,3,2,4,4,3,2,3,3,3,1,1,2,3,3,4,4,3,3,3,4,3,1,2,3,4,3,5,5,3,3,3,3,3,1,1,2,3,3,4,4,2,3,4,3,3,1,1,3,4,3,4,3,3,3,4,3,2,1,2,3,4,4,5,3,3,3,3,2,4,1,2,4,2,4,4,4,3,3,3,3,4,1,1,2,2,4,4,3,3,3,3,3,3,2,1,2,2,3,4,3,3,3,4,2,3
80,ADSD-S,R180,1,1,2,3,3,5,4,4,3,4,3,2,1,1,3,3,4,4,3,3,3,3,2,3,1,1,3,3,4,3,4,3,4,3,3,4,1,1,2,4,4,4,4,3,3,4,3,4,2,1,2,3,4,4,3,3,4,3,3,4,1,2,2,3,4,4,3,4,2,3,3,3,1,1,3,3,3,5,4,5,2,2,3,3,2,2,3,3,3,3,3,4,2,3,2,3,1,1,3,3,4,4,3,3,2,3,4,4,2,1,2,2,4,5,4,3,3,3,3,3
81,ADSD-S,R200,1,1,3,3,3,4,3,3,2,3,3,4,1,1,2,4,3,4,3,3,2,3,2,3,1,1,3,2,3,4,4,3,2,3,3,4,1,1,2,3,3,4,4,3,3,3,3,3,1,2,3,3,4,3,3,3,4,2,4,3,1,1,2,3,4,3,4,4,2,3,3,3,1,2,3,3,3,5,3,3,3,4,3,3,1,1,3,3,3,3,3,4,2,4,2,3,1,1,2,3,4,4,3,3,3,4,3,3,1,1,2,3,3,5,3,3,3,3,4,3
82,ADSD-S,R350,1,1,3,4,4,4,3,4,3,3,2,4,1,1,2,3,4,3,4,3,2,3,4,3,1,1,3,5,4,5,4,3,3,4,2,3,1,1,3,2,3,4,4,3,3,2,3,3,1,1,2,3,2,4,3,3,3,3,3,3,1,1,2,4,2,4,3,3,2,3,3,3,1,1,2,3,3,3,3,3,3,3,3,3,1,2,3,1,4,4,4,3,3,4,2,3,1,2,3,4,3,4,4,3,3,3,3,2,1,1,2,2,3,5,3,3,2,3,2,3
83,ADSD-S,R400,1,1,2,4,3,4,3,5,3,3,3,3,2,1,2,3,4,3,4,3,2,4,4,3,1,1,2,3,3,5,3,3,2,3,3,3,1,1,3,3,4,4,4,4,2,3,3,2,1,1,3,2,4,4,4,4,3,3,3,3,2,1,3,3,3,3,3,3,3,2,4,2,1,1,3,3,3,4,3,4,3,3,3,3,1,1,2,2,3,4,4,3,3,3,4,3,1,1,2,3,3,4,4,5,3,3,3,4,1,1,2,3,3,6,3,3,2,2,4,3
84,ADSD-S,R440,1,1,3,3,4,4,5,3,3,3,3,2,1,1,2,3,3,5,3,2,3,3,5,3,2,2,2,3,4,4,3,3,3,3,3,3,1,1,3,2,3,3,3,3,3,3,3,4,1,2,2,3,3,3,4,4,3,3,4,4,1,2,2,3,3,4,4,4,2,3,3,4,1,1,2,4,4,3,3,3,3,3,3,4,1,1,2,3,3,6,3,5,3,3,3,4,1,1,3,3,3,4,2,4,3,3,3,3,1,2,2,2,3,5,3,3,3,3,3,3
85,ADSD-S,R460,2,1,2,2,3,4,5,4,3,4,3,3,1,1,3,3,3,3,3,3,2,3,3,4,1,1,2,4,3,3,4,3,2,3,3,4,1,1,2,4,3,4,4,3,3,3,3,3,1,1,2,3,4,3,4,3,2,4,3,4,2,2,2,2,4,3,4,4,3,2,3,3,1,1,2,2,3,3,4,4,4,3,3,3,1,1,3,4,3,3,3,3,2,3,3,3,1,1,3,3,3,4,3,3,2,3,3,3,1,1,3,3,3,3,4,3,3,2,2,4
86,ADSD-S,U060,1,2,3,3,3,3,4,5,3,4,4,4,1,1,3,3,3,5,3,3,2,2,3,3,1,1,3,4,3,3,3,3,2,4,2,3,1,1,2,3,3,4,4,3,2,3,4,3,1,1,2,4,4,4,3,4,4,3,3,3,2,1,2,3,4,4,4,3,2,3,3,3,1,1,3,3,3,4,3,3,3,4,3,3,1,2,2,2,4,5,4,3,3,3,3,3,1,1,2,3,3,5,3,2,2,2,3,3,1,2,3,3,3,5,4,5,4,4,2,3
87,ADSD-S,U170,1,1,3,3,3,5,3,4,2,3,2,3,1,2,2,3,3,5,4,3,3,3,3,4,1,1,3,3,3,4,3,4,2,3,2,3,1,1,2,3,4,4,3,4,2,3,3,4,1,1,2,2,4,4,4,4,2,3,4,4,2,2,2,4,3,4,5,4,3,3,3,4,1,1,2,3,3,3,4,4,3,3,4,3,1,1,3,2,4,5,3,3,2,3,2,4,1,1,2,3,4,4,4,4,2,3,3,3,1,1,2,3,3,4,3,3,4,3,3,3
88,APD,J010,1,2,3,4,3,4,4,3,3,4,3,2,1,1,3,3,3,4,4,3,2,4,3,3,1,1,2,2,4,4,3,3,2,3,3,3,1,1,2,2,3,4,3,3,2,4,3,4,1,1,3,3,3,4,4,3,2,3,4,4,1,2,2,3,4,4,4,4,3,3,3,4,1,1,3,3,6,4,3,4,3,3,3,3,1,1,2,3,4,4,4,4,2,3,3,2,1,1,2,3,4,4,3,3,2,4,2,3,1,1,2,3,3,4,4,4,3,3,4,3
89,APD,J016,1,1,2,3,4,3,4,4,2,3,3,3,1,1,3,3,3,4,3,3,3,4,3,4,1,1,2,4,4,4,4,4,2,3,2,3,1,1,3,3,3,4,3,5,3,3,3,3,1,1,2,3,4,4,5,3,2,4,3,3,1,1,2,3,3,4,4,3,3,3,3,4,1,1,2,3,4,3,3,3,2,4,3,3,1,1,2,3,4,5,5,3,3,4,4,3,1,1,2,2,3,5,4,3,3,3,3,3,1,1,3,2,3,4,3,4,3,3,2,2
90,APD,J018,1,1,3,3,5,4,3,5,3,3,4,3,1,2,2,3,3,4,4,4,3,3,3,4,1,1,2,3,5,4,4,4,3,3,3,3,1,1,2,3,3,4,3,3,3,4,4,4,1,1,3,3,4,4,7,2,4,3,3,3,1,1,3,3,3,3,4,3,2,4,3,4,1,1,2,3,4,5,4,3,3,3,3,2,1,2,4,2,4,4,4,3,2,4,3,3,1,1,3,3,4,4,3,3,2,3,3,4,1,1,2,3,3,5,3,3,3,4,2,3
91,APD,J021,2,1,2,5,4,6,3,2,3,3,3,4,1,1,3,4,3,4,4,3,2,3,4,2,1,1,3,3,4,4,4,3,3,4,3,3,1,2,3,3,3,5,3,3,3,4,3,3,1,1,2,3,5,4,3,3,2,3,4,3,1,1,2,3,3,4,3,3,3,3,3,3,1,1,2,3,4,4,3,3,3,3,3,3,1,1,3,4,4,6,4,3,3,2,3,4,1,1,2,4,3,3,3,3,2,3,3,3,1,1,2,3,3,4,3,4,3,3,3,2
92,APD,J022,1,1,2,3,4,4,3,2,2,4,4,3,1,1,2,4,3,4,3,2,2,3,3,3,1,1,2,4,3,3,3,2,3,2,3,3,1,1,3,3,4,5,5,4,3,4,3,3,1,2,2,3,4,5,3,3,2,3,3,3,1,2,3,2,4,3,3,3,3,3,3,2,1,2,2,2,3,3,3,3,3,4,3,2,1,2,3,4,4,5,4,4,3,4,3,3,1,1,2,3,3,5,3,3,2,3,2,3,1,1,3,2,3,5,4,3,2,3,3,3
93,APD,J039,1,1,2,3,4,4,4,4,4,3,4,3,1,1,2,3,4,3,4,2,3,3,3,4,1,1,2,3,3,6,4,3,2,3,4,3,1,1,2,4,3,4,3,3,3,3,3,3,2,1,2,4,3,4,3,3,3,3,2,3,1,2,3,3,4,4,5,3,2,3,3,4,1,1,2,2,4,5,4,3,3,3,3,3,1,1,2,3,5,4,3,4,3,3,3,3,1,1,3,2,3,4,4,3,2,3,3,3,1,2,2,2,4,4,3,3,2,3,4,2
94,APD,J040,1,1,3,3,3,4,3,3,2,4,3,2,1,1,2,3,3,4,3,5,3,3,2,2,2,1,3,2,3,4,4,3,3,3,2,3,1,1,3,3,3,5,3,4,2,4,4,4,1,1,2,3,4,3,3,3,3,3,2,3,1,2,3,3,4,4,4,3,5,3,3,3,1,1,2,4,4,4,7,4,2,4,3,2,1,1,2,3,4,5,2,3,3,3,3,3,1,1,2,3,4,4,2,5,2,3,3,3,1,1,3,3,4,5,2,3,3,4,4,3
95,APD,J050,1,2,3,3,3,3,5,4,2,3,2,3,1,1,2,4,3,4,4,3,3,3,2,3,1,1,2,4,3,4,4,3,2,4,4,4,1,2,2,3,4,4,5,3,2,3,3,2,1,1,2,3,3,4,3,4,3,4,3,3,1,1,2,3,3,4,3,3,2,4,3,4,1,1,3,4,3,3,3,3,3,3,3,3,1,2,2,3,3,3,4,3,2,4,3,3,1,1,2,4,4,4,4,3,3,2,3,3,1,1,3,3,4,5,4,4,3,2,3,3
96,APD,J065,1,2,3,5,3,4,3,4,3,3,2,3,1,1,2,3,4,4,4,3,3,3,3,3,1,1,3,4,3,4,3,3,3,3,3,3,1,1,2,3,4,4,4,3,3,3,3,3,1,1,2,3,3,4,4,4,3,3,3,3,1,1,3,4,4,4,3,3,3,3,3,2,1,1,2,2,4,4,6,4,3,2,3,3,1,1,2,3,5,3,4,3,3,4,4,3,1,1,3,3,3,4,4,3,2,4,4,4,1,2,2,3,4,4,5,3,3,4,3,3
97,APD,J080,1,1,2,3,3,5,3,3,3,3,2,2,1,2,3,2,4,4,4,4,2,4,3,3,1,1,2,3,3,5,4,3,2,3,3,2,1,1,3,3,4,4,4,3,2,3,3,3,1,1,4,3,3,4,4,4,3,5,3,3,2,1,2,4,4,4,3,3,2,3,3,3,1,1,3,3,4,4,4,3,3,3,4,3,1,1,2,3,3,4,4,3,2,3,3,4,1,1,2,3,3,3,4,4,2,3,3,3,1,1,2,3,3,4,3,3,2,4,2,3
98,APD,J090,1,1,2,3,4,4,5,3,3,3,3,3,1,1,2,3,4,4,3,3,3,3,3,3,1,1,3,4,3,4,3,3,2,3,4,3,1,1,2,3,4,4,4,3,2,3,3,3,2,1,2,3,4,4,3,3,3,2,3,4,1,1,3,3,3,4,3,3,2,3,3,4,1,1,2,3,3,3,3,3,3,3,3,4,1,1,2,3,3,3,4,3,3,4,3,3,1,2,3,3,4,4,3,3,3,2,2,2,1,1,2,2,3,4,3,3,3,3,4,4
99,APD,J093,1,2,3,4,3,5,3,4,3,3,2,3,1,1,2,2,3,3,4,3,3,3,4,3,1,1,3,3,4,4,3,6,2,3,3,4,1,1,3,4,4,5,4,4,3,4,3,4,1,1,2,2,5,4,3,4,3,3,3,2,1,1,2,2,4,4,3,4,3,3,3,3,1,1,2,4,3,5,4,3,3,4,4,2,1,1,3,3,4,5,3,4,3,3,3,3,1,1,3,3,4,5,4,4,2,3,3,2,1,1,2,3,3,4,6,3,4,3,3,3
100,APD,J09R,1,1,3,3,3,5,5,3,2,3,3,3,1,1,2,3,4,3,3,3,3,3,3,2,1,1,2,3,3,3,3,4,3,4,3,2,1,1,2,4,4,4,4,3,3,3,3,4,1,1,2,3,3,4,3,4,4,3,3,2,1,1,4,4,4,5,4,3,3,3,3,3,1,1,2,3,4,5,3,4,2,3,3,3,1,1,2,3,3,4,4,2,3,4,2,3,1,1,2,3,4,3,4,3,2,3,3,3,1,1,3,3,4,3,4,3,4,3,3,3
101,APD,J09T,1,1,3,3,4,5,3,3,2,3,4,4,1,2,2,3,3,4,4,4,3,3,3,3,1,1,3,3,6,4,3,2,4,4,3,5,1,1,4,3,5,4,3,4,2,4,2,3,1,1,2,2,4,4,4,3,3,4,3,2,1,2,2,3,3,4,3,4,3,4,3,3,1,1,2,3,3,3,4,3,2,3,3,3,1,1,2,3,4,6,3,3,3,3,4,3,1,1,3,4,4,4,4,4,3,3,5,3,1,1,3,2,4,4,3,4,4,3,3,2
102,APD,J0AA,1,1,3,4,3,4,4,3,3,3,3,3,1,1,2,3,4,5,4,2,2,4,3,2,1,1,2,3,2,4,4,3,3,3,3,3,2,1,3,4,3,4,3,3,3,3,4,3,1,2,3,2,4,5,3,3,3,3,4,3,1,1,2,3,2,4,4,3,2,3,3,3,1,1,3,2,4,5,3,4,2,3,3,2,1,1,2,3,3,4,4,3,2,3,3,4,1,1,3,3,3,4,4,3,3,4,3,3,2,1,2,2,3,5,3,3,3,4,3,3
103,APD,J121,1,1,2,2,4,3,3,3,2,3,4,3,1,2,3,4,3,3,4,4,3,3,3,4,1,1,3,3,4,4,3,3,3,3,3,3,1,2,3,3,2,4,4,4,2,3,3,3,1,1,3,3,4,4,4,4,3,3,3,3,1,2,2,3,3,4,3,3,3,3,3,4,1,1,2,3,4,5,3,3,2,3,3,4,1,2,3,3,3,3,3,3,3,3,4,3,1,1,2,3,4,4,4,3,2,3,3,3,1,1,2,3,3,4,3,3,2,4,4,3
104,APD,J122,1,1,3,3,3,3,4,3,2,4,3,3,1,2,2,3,3,3,3,3,3,3,3,3,1,1,3,3,3,6,3,4,2,2,3,2,1,1,2,3,4,4,3,3,2,3,2,2,1,1,2,3,3,4,3,4,3,4,2,3,1,2,2,3,3,4,3,4,3,3,3,3,2,1,2,4,3,5,4,3,2,3,3,3,1,1,2,3,3,5,3,3,2,2,2,2,1,1,2,3,4,4,4,3,3,3,3,3,1,1,2,3,2,5,3,3,3,4,4,4
105,APD,J210,1,1,3,2,3,4,3,2,2,3,4,2,1,1,2,2,4,4,3,2,3,3,3,3,1,1,2,3,3,6,2,3,2,4,3,3,1,1,3,3,3,5,4,4,3,3,3,3,1,1,2,2,2,4,3,4,3,3,3,4,1,2,3,3,4,4,4,4,2,2,4,4,1,1,3,3,3,3,5,4,2,3,3,4,1,1,3,4,3,3,3,3,3,4,4,3,1,1,2,3,2,5,3,4,2,3,3,3,1,1,2,3,3,4,5,3,3,4,2,2
106,APD,J250,1,1,2,3,4,4,3,3,3,3,3,3,1,1,3,4,3,4,5,3,4,2,3,2,1,1,2,3,3,6,3,4,3,3,3,4,1,1,3,3,3,4,4,4,3,4,3,3,1,1,2,4,5,4,4,5,2,3,3,3,1,1,2,4,3,4,3,3,2,3,2,2,1,1,2,4,4,4,4,2,3,3,4,4,1,1,3,3,4,3,3,3,2,4,2,3,1,1,2,2,4,3,3,3,3,3,3,4,1,1,2,3,3,5,3,3,3,3,3,3
107,APD,J251,1,1,3,3,4,3,3,4,2,3,3,3,1,1,2,3,3,4,4,3,3,4,4,3,1,2,3,3,3,4,3,3,2,3,4,2,1,1,2,3,4,5,4,3,3,3,3,3,1,1,2,3,3,4,3,4,2,3,3,3,1,2,2,2,3,3,3,4,3,3,3,2,1,1,2,2,3,4,4,3,3,3,2,3,1,1,2,3,3,5,3,4,3,3,3,3,1,1,3,4,4,4,3,4,3,3,3,3,1,1,3,3,3,4,3,3,3,4,3,3
108,APD,J25C,1,1,3,3,3,4,4,2,3,3,4,4,1,1,2,3,4,4,3,4,3,3,4,2,1,1,3,3,2,4,3,3,3,4,3,3,1,2,3,3,4,3,4,3,3,3,3,3,1,1,2,3,4,4,4,3,2,3,3,3,1,1,2,3,4,4,3,3,2,3,3,2,1,2,2,3,3,3,4,3,3,3,3,3,1,2,2,3,3,3,3,4,2,2,3,3,1,1,2,3,4,5,4,4,3,3,2,3,1,1,3,4,2,3,4,3,4,3,2,5
109,APD,J25D,1,1,2,3,4,5,4,4,4,4,3,3,1,1,3,3,3,4,3,4,3,4,3,4,1,2,2,3,4,5,3,3,4,3,3,3,1,1,2,3,2,6,4,2,3,3,4,3,1,1,2,3,3,4,3,3,3,3,3,3,1,1,3,3,4,4,3,3,3,3,3,3,1,1,2,2,3,4,4,3,4,3,4,4,2,1,2,3,4,4,4,5,2,4,3,3,1,2,2,3,4,4,3,3,2,3,3,3,2,1,2,4,4,3,4,3,3,3,3,3
110,APD,J280,1,1,3,3,3,5,5,3,2,3,4,3,1,2,3,3,4,3,3,3,3,4,3,2,1,1,2,3,4,3,4,4,3,4,4,2,1,1,3,3,2,4,4,4,3,4,2,3,1,2,2,2,3,6,4,3,3,4,4,4,1,1,2,3,3,4,4,4,2,4,2,3,1,2,3,3,4,3,4,3,2,3,4,2,1,2,2,3,2,4,3,2,3,3,2,3,1,1,2,4,4,4,4,3,3,3,3,3,1,1,2,3,3,4,2,4,2,4,3,3
111,APD,J300,1,2,2,3,5,4,3,3,3,3,3,4,1,1,3,3,3,4,4,3,3,3,4,3,1,1,2,3,3,4,3,2,3,4,2,3,1,1,3,3,6,5,3,3,3,3,2,3,1,2,2,3,3,6,3,3,3,3,3,4,1,1,3,3,3,4,3,3,2,2,3,3,1,1,3,3,2,3,3,3,2,3,2,3,1,1,3,3,4,3,3,4,3,3,3,2,1,1,2,4,4,3,3,4,2,4,4,4,1,1,2,4,3,4,4,4,2,3,3,3
112,APD,J320,1,2,3,3,4,4,3,2,2,4,3,3,1,1,3,2,4,4,4,4,3,4,3,2,1,1,2,3,3,4,3,3,3,3,4,3,1,1,2,3,3,4,3,3,3,4,3,4,1,2,3,2,4,3,4,4,2,4,3,3,1,1,2,2,3,5,5,3,2,3,4,4,1,1,3,2,3,4,3,4,2,3,3,3,1,1,3,3,3,4,4,4,4,3,3,3,1,1,2,3,3,4,3,3,3,2,3,3,1,1,3,4,4,3,3,3,3,3,3,3
113,APD,J370,1,2,2,3,4,5,3,3,3,3,3,3,1,1,2,4,4,5,4,3,3,3,4,3,2,1,2,3,3,4,3,4,4,2,3,3,1,1,3,3,4,4,4,4,3,3,3,3,1,1,2,4,4,4,4,2,3,3,3,3,1,1,2,3,3,3,3,3,3,4,4,3,1,1,3,3,4,5,3,3,3,3,2,3,1,1,3,3,4,3,3,4,2,3,3,3,1,1,2,3,3,3,3,3,3,3,3,3,1,1,2,2,3,4,3,3,3,4,3,4
114,APD,J440,1,2,2,3,4,4,4,3,2,3,3,4,1,2,2,3,4,4,4,3,2,4,4,4,1,1,2,3,3,4,3,3,3,3,3,3,1,2,2,2,4,4,4,4,3,4,2,3,1,1,3,3,4,5,3,4,3,4,3,3,1,2,2,2,3,4,4,4,2,2,3,4,1,1,2,2,4,4,3,3,3,4,3,3,1,1,2,3,3,3,4,3,2,4,3,2,1,2,3,3,3,3,3,3,2,3,3,3,1,1,2,3,3,5,4,3,3,3,3,4
115,APD,J490,1,1,2,4,4,3,4,3,3,3,2,3,1,2,3,3,3,3,3,3,3,3,2,4,1,2,2,3,4,4,3,2,3,4,3,3,1,2,3,2,4,4,3,4,3,4,3,3,1,1,3,3,4,4,3,3,4,3,3,3,1,1,3,3,4,4,4,3,2,3,4,4,1,1,3,3,3,4,3,4,2,4,3,3,1,1,2,3,3,4,4,4,3,5,4,3,1,1,2,3,4,4,3,3,2,3,3,3,1,1,2,2,4,4,3,3,3,3,2,3
116,APD,J520,1,1,2,2,4,3,3,4,2,3,4,3,1,1,3,3,5,4,3,3,2,3,3,2,1,1,3,3,4,3,4,3,2,4,3,3,1,1,2,3,3,3,3,4,3,3,4,3,1,2,3,3,3,5,3,3,2,3,3,3,1,2,2,2,4,3,4,3,2,3,3,3,1,1,2,4,3,5,4,3,3,4,3,3,1,1,2,2,4,4,3,3,3,3,3,4,1,2,2,3,4,6,3,3,3,2,3,4,1,2,3,4,3,4,3,3,3,3,3,3
117,APD,J540,1,2,2,2,3,4,3,2,2,4,4,4,1,1,2,3,3,3,4,4,2,3,3,3,1,1,3,3,3,5,3,3,2,2,3,3,1,2,4,4,3,5,3,4,2,3,3,3,1,1,2,3,3,5,3,4,3,3,3,3,1,1,3,5,3,3,4,3,3,4,2,2,1,1,2,3,4,4,4,3,3,4,3,3,1,1,2,3,3,4,4,3,3,4,2,4,1,1,2,3,3,4,3,4,2,3,3,3,1,1,3,3,4,5,5,4,3,2,4,3
118,APD,J560,1,1,3,2,3,4,4,4,3,3,3,4,1,1,2,2,3,6,4,4,3,3,4,3,1,2,2,3,4,4,3,5,3,2,3,3,1,1,2,3,3,5,3,3,3,3,5,3,1,1,2,3,3,4,3,3,2,3,4,3,1,1,3,3,3,4,4,3,3,3,3,3,1,1,3,3,3,4,4,2,2,3,3,3,1,1,3,3,3,4,3,4,3,3,4,4,1,1,2,2,3,3,3,3,3,3,4,3,1,1,2,3,4,4,4,3,3,3,4,4
119,APD,J570,1,2,4,3,3,3,3,3,2,3,2,3,1,2,3,3,3,3,4,3,2,3,2,3,1,1,2,3,3,4,4,4,3,2,3,3,1,1,2,4,3,4,4,5,2,4,3,3,1,1,3,3,4,4,4,4,3,4,3,3,1,2,2,3,3,3,3,3,3,3,5,3,1,2,2,3,4,4,4,3,3,3,2,4,1,1,3,4,5,3,5,3,3,3,3,3,1,1,3,2,4,4,4,4,3,3,3,3,1,2,2,3,6,6,4,2,2,3,3,3
120,APD,T010,1,1,3,4,3,5,3,3,2,3,3,4,1,1,3,2,2,5,3,2,3,3,3,3,1,1,3,3,3,4,4,3,2,3,3,3,1,1,3,3,4,5,4,3,3,4,3,3,1,2,3,2,3,4,4,3,2,3,3,3,1,1,2,4,4,4,4,3,2,3,3,4,2,1,3,3,3,4,4,4,2,3,4,3,1,1,3,4,3,3,4,3,3,3,4,3,1,1,2,3,4,4,4,3,3,4,3,3,1,1,3,3,4,5,5,4,3,4,3,3
121,APD,T030,1,1,2,3,3,4,4,3,3,3,4,3,1,1,2,3,4,4,3,4,3,4,3,3,1,1,3,3,4,3,4,4,3,5,4,4,1,1,3,4,3,5,4,4,2,4,3,3,2,1,2,3,3,4,3,4,2,3,2,2,1,1,2,2,3,5,3,3,3,3,3,3,1,1,2,3,3,4,5,3,2,4,2,3,1,1,2,2,3,4,5,4,3,2,3,3,1,1,3,4,4,3,4,3,3,3,3,3,1,1,3,3,4,5,3,3,2,3,3,4
122,APD,T040,1,1,3,3,5,5,5,3,3,3,3,4,1,1,3,4,4,5,4,2,2,3,2,4,1,1,2,4,2,4,4,4,3,3,3,4,1,1,3,2,4,3,3,2,3,3,3,3,1,1,2,3,4,4,4,3,3,3,3,4,1,1,2,3,3,4,4,3,2,3,3,4,1,2,2,2,3,3,3,2,3,3,3,3,1,2,3,3,3,4,4,3,3,3,3,4,1,1,2,3,3,3,4,4,2,3,3,2,1,2,3,3,4,4,4,4,3,3,3,3
123,APD,T070,1,1,3,4,4,4,3,3,2,2,4,5,1,1,2,4,4,4,6,4,2,3,3,2,2,2,3,3,4,4,4,5,3,3,3,3,2,1,2,3,3,5,4,3,2,3,3,3,1,1,2,3,3,4,3,5,2,3,4,3,1,1,3,2,4,3,3,4,3,3,3,3,1,1,3,4,3,4,4,4,3,4,4,2,1,1,3,2,4,4,4,3,2,3,3,3,1,2,2,3,3,6,3,4,2,3,2,3,1,1,3,3,4,3,4,3,3,4,3,4
124,APD,T080,1,2,2,3,4,4,2,4,2,4,3,3,1,1,3,5,4,4,4,3,3,4,3,3,1,1,2,3,4,4,3,3,3,3,2,4,1,1,3,4,3,4,4,3,3,3,2,3,1,1,2,3,4,5,3,4,3,2,4,3,1,2,3,4,3,5,3,4,3,3,4,3,1,1,3,2,3,4,3,4,5,3,3,3,1,2,3,4,3,4,5,2,2,3,3,3,1,1,3,3,4,4,4,4,3,4,4,3,1,1,3,3,3,5,3,3,3,3,3,4
125,APD,T120,1,1,3,2,4,5,4,3,2,4,3,3,1,2,2,2,3,3,5,4,3,2,3,3,1,1,2,3,3,4,4,2,3,3,2,3,1,2,2,3,4,3,3,4,2,4,3,3,1,1,2,4,3,3,3,3,2,3,3,4,1,1,2,3,4,4,3,3,3,3,2,3,1,1,2,4,5,4,3,3,3,3,3,3,1,1,2,4,4,4,4,3,2,4,4,3,1,1,3,3,3,5,3,3,3,3,2,3,1,1,2,2,4,4,3,3,2,4,3,3
126,APD,T210,1,1,3,3,4,3,3,3,2,4,3,3,1,1,3,3,4,3,3,3,3,3,4,4,1,1,4,3,4,3,4,3,3,4,3,3,1,1,2,3,4,5,4,3,3,4,3,3,1,1,2,3,4,3,4,4,3,4,2,3,1,1,3,3,3,5,3,3,3,3,3,3,1,1,2,4,3,4,4,3,3,3,3,3,1,1,2,2,3,4,4,3,4,4,3,3,1,1,2,3,3,3,3,3,2,3,3,4,1,1,3,2,3,5,3,3,3,5,3,4
127,CJL,W220,1,1,3,3,3,5,4,3,3,4,3,3,1,2,3,2,4,4,2,4,3,4,4,4,1,1,2,3,3,3,3,3,2,3,3,2,1,1,3,3,3,4,3,3,3,3,3,3,1,2,2,3,3,4,4,3,2,3,4,4,1,1,2,2,3,3,4,3,3,2,2,3,1,2,2,4,3,4,3,4,2,3,4,2,1,1,3,3,5,4,3,3,3,4,3,3,1,1,3,3,3,4,3,3,3,4,4,2,1,1,3,3,3,4,4,3,2,2,3,4
128,CJL,W230,1,1,2,3,3,4,3,4,2,2,4,3,1,1,2,3,4,4,5,3,2,3,2,4,1,1,2,3,4,4,3,3,3,4,3,3,1,2,2,4,4,4,2,3,4,4,3,3,1,1,2,2,3,5,3,3,3,3,2,3,1,1,2,4,3,4,4,3,3,3,3,3,1,1,4,3,4,4,3,3,2,3,3,3,1,1,2,3,5,4,3,3,3,4,2,3,1,1,2,3,3,3,3,3,2,2,3,4,1,2,3,3,3,4,3,5,3,3,4,3
129,CJL,W310,1,1,2,3,3,4,3,3,3,5,3,4,1,2,2,3,4,4,3,5,2,3,3,3,1,1,2,2,5,4,4,4,3,4,3,3,1,1,2,4,3,3,4,3,2,4,4,3,1,1,2,3,3,4,4,5,3,4,2,4,1,1,2,3,3,4,5,3,2,4,4,4,1,1,3,3,4,4,3,3,3,3,3,3,1,1,2,2,3,4,4,2,2,3,3,3,2,1,3,3,4,4,3,3,3,3,3,4,1,1,3,3,4,4,4,4,2,4,3,4
130,CJL,W611,2,1,2,3,4,4,3,3,3,3,3,2,1,1,4,3,4,4,4,3,3,3,3,3,1,2,2,3,4,4,4,4,2,3,2,4,1,1,3,3,4,5,3,3,3,2,3,3,1,1,2,3,3,5,3,4,3,3,3,3,1,1,2,3,4,4,4,3,4,4,2,3,1,1,2,3,3,3,3,3,2,3,4,3,1,1,2,2,4,4,3,4,3,3,3,3,1,1,2,3,5,4,4,5,2,3,3,3,1,2,2,3,4,4,4,3,2,4,3,4
131,CJL,W670,1,1,2,3,2,4,3,3,3,4,3,2,1,2,3,3,3,3,4,3,3,3,4,4,1,1,3,4,3,4,5,3,3,4,3,3,1,1,2,3,4,4,3,3,5,3,3,3,1,1,2,3,3,4,3,3,2,3,3,3,1,1,2,3,3,5,3,3,3,4,4,4,1,1,2,3,3,3,4,4,3,4,4,3,1,1,2,3,3,4,3,3,3,3,3,3,1,1,2,4,5,4,3,4,3,3,4,4,1,1,2,4,3,5,4,3,3,3,3,4
132,CJL,W720,1,1,3,4,3,5,3,3,4,3,3,3,1,1,3,2,3,4,4,4,2,3,3,4,1,1,2,3,3,4,3,4,2,4,4,4,1,1,2,3,3,4,5,3,2,4,3,3,1,2,2,3,4,4,3,5,3,3,5,3,1,2,2,3,3,3,4,4,2,3,2,2,1,1,2,3,4,4,3,3,4,3,3,3,1,1,2,2,5,3,4,4,2,3,4,4,1,1,2,3,3,4,4,2,3,4,3,3,1,1,3,3,3,4,3,3,2,4,3,3
133,EAME,K02A,1,1,2,3,3,3,3,3,3,3,4,3,1,2,3,2,3,3,4,3,3,4,3,4,1,1,3,3,4,3,3,3,3,4,4,3,1,1,3,3,2,4,4,4,2,3,3,4,1,1,3,4,3,3,3,3,2,3,3,3,1,1,2,3,3,4,3,4,2,3,3,4,1,2,2,4,4,4,3,3,2,3,4,3,1,1,3,3,3,4,4,4,3,3,3,3,1,2,3,3,4,4,3,3,3,3,3,2,1,1,2,2,4,4,3,4,2,3,3,3
134,EAME,K030,1,2,3,3,5,4,3,4,2,3,3,3,1,1,2,3,5,3,3,3,2,3,3,3,1,2,3,4,3,5,4,3,3,4,3,3,1,1,3,2,4,5,3,3,3,2,3,3,1,1,3,4,4,3,4,4,3,3,3,3,1,2,2,3,3,5,3,3,3,3,4,4,1,1,2,3,4,4,3,3,2,3,3,4,1,2,2,3,3,4,5,3,2,2,4,3,1,1,2,2,3,3,5,3,4,3,3,4,1,1,2,3,4,4,5,3,3,3,3,5
135,EAME,K210,1,1,2,3,4,5,3,2,3,4,3,2,1,1,3,4,3,4,4,3,2,3,3,3,1,2,2,4,4,5,4,3,2,4,3,3,1,2,3,3,4,4,3,2,4,2,4,3,1,1,2,3,3,6,3,5,3,3,3,3,1,2,2,3,3,6,3,3,3,3,2,3,1,1,3,2,3,4,3,2,3,3,4,3,1,1,3,3,3,4,3,3,3,5,3,3,1,2,2,3,4,4,4,3,3,3,3,3,2,1,2,3,4,5,3,3,2,3,4,3
136,EAME,K30F,1,1,3,2,4,5,3,3,2,3,3,3,1,1,3,3,4,5,3,4,2,3,3,3,2,2,3,4,3,4,4,3,2,3,2,2,1,1,2,3,4,5,4,2,3,3,3,3,1,1,3,3,3,4,3,3,3,2,3,3,1,1,3,3,4,4,3,3,3,2,4,2,1,1,2,3,4,4,5,3,3,3,3,3,1,2,2,3,3,4,3,3,3,3,2,3,1,2,3,2,3,4,4,3,3,3,4,3,1,1,3,2,3,4,3,3,2,3,3,3
137,EAME,K310,1,2,2,2,4,5,3,4,2,5,4,3,2,1,2,3,3,4,4,4,2,3,2,3,1,2,2,2,3,4,4,3,2,3,3,3,1,1,3,2,4,4,4,3,4,3,3,3,1,1,2,3,3,5,4,3,3,3,2,3,1,1,3,3,4,4,3,3,2,3,3,3,1,1,2,3,3,4,4,3,3,2,4,3,1,2,2,3,3,4,3,3,2,3,3,3,1,1,2,2,3,5,3,4,3,3,3,4,1,1,2,2,4,3,4,2,2,2,3,3
138,EAME,K491,1,1,2,3,4,5,3,3,2,4,3,3,1,1,2,4,4,5,4,4,2,3,3,4,1,1,2,3,3,4,3,3,2,3,3,2,1,1,2,3,4,4,4,3,3,3,3,2,1,1,2,3,3,3,3,3,3,3,3,3,1,1,2,3,3,5,3,3,3,3,3,2,1,1,2,3,3,4,4,3,3,3,3,3,1,2,2,4,4,5,3,3,3,3,3,4,1,1,2,3,3,4,4,3,2,3,3,3,1,1,3,3,4,3,4,4,3,3,3,3
139,EAME,K600,1,1,3,3,4,4,3,3,3,3,3,3,1,1,2,2,3,4,3,4,3,3,4,3,1,2,3,3,3,5,4,4,2,3,3,3,1,1,2,3,4,4,3,6,3,4,2,3,1,1,3,3,3,4,3,3,2,4,3,3,1,1,2,3,3,4,3,3,3,3,3,3,1,1,2,3,3,5,3,3,2,2,4,3,1,1,3,3,4,3,3,4,2,3,3,3,1,1,2,3,4,4,3,3,3,4,4,3,1,1,2,2,3,4,3,4,2,4,3,3
140,EAME,K610,1,2,4,4,3,4,4,4,3,3,4,2,1,1,3,2,4,4,3,4,3,4,4,3,1,1,3,3,3,4,4,4,3,4,3,3,1,1,3,4,4,5,5,3,2,3,4,3,1,1,2,3,4,4,4,3,3,4,3,3,1,1,2,4,3,4,3,3,2,3,3,4,1,2,2,2,4,5,2,3,3,2,3,2,1,2,2,3,4,5,4,3,2,3,3,3,1,1,2,5,4,3,4,3,2,3,2,3,1,1,2,3,4,5,3,3,3,4,3,4
141,EAME,K620,1,1,3,3,4,4,3,4,3,4,3,4,1,1,2,3,4,3,3,3,2,3,2,3,1,2,2,3,4,3,3,3,3,3,3,3,1,1,2,4,3,4,3,3,3,3,3,3,1,2,3,3,3,3,3,3,2,3,4,4,1,1,2,3,3,4,4,4,3,4,3,3,1,1,3,3,4,4,2,3,3,3,4,3,1,2,2,3,3,5,3,3,3,4,3,3,1,1,2,3,4,5,4,3,3,3,3,3,1,1,2,4,3,4,4,4,3,4,2,3
142,EAME,K625,1,2,2,3,3,3,4,3,3,3,3,3,1,1,3,3,3,5,2,3,2,3,2,3,1,1,2,2,4,4,3,3,2,3,3,5,1,1,3,3,4,3,4,3,3,3,4,3,1,1,3,3,3,3,4,4,3,4,4,3,1,1,3,3,4,5,3,4,3,4,3,5,1,2,3,3,3,4,3,4,2,3,3,2,1,1,3,4,3,3,3,3,2,4,3,3,1,1,2,3,4,4,3,3,2,4,3,3,1,1,2,3,3,4,3,3,3,3,4,3
143,EAME,K630,1,1,3,4,3,3,4,4,2,4,2,2,1,1,2,4,3,5,3,3,2,3,3,2,1,1,3,3,4,3,4,3,3,3,3,4,1,1,3,4,3,5,3,3,2,3,3,3,1,1,3,3,3,4,4,3,3,3,3,4,1,2,3,3,4,3,4,3,2,3,3,4,1,1,2,3,4,3,3,4,2,3,3,3,1,1,3,3,3,4,4,4,2,3,2,3,1,2,2,3,3,4,3,3,4,3,3,3,1,1,2,4,4,4,3,4,2,2,2,3
144,EAME,K645,1,1,2,2,2,4,3,2,2,4,3,3,2,1,2,3,3,4,3,4,3,3,4,2,1,1,3,3,3,4,2,4,3,4,3,2,1,2,2,3,3,4,2,4,3,3,3,3,1,2,3,3,3,4,5,3,3,2,3,3,1,1,3,5,3,3,3,3,3,3,3,3,1,1,3,4,3,3,3,3,2,2,4,2,1,1,2,4,3,5,4,5,2,3,3,3,1,1,2,2,4,4,3,4,3,2,4,5,1,1,2,2,3,5,4,3,2,3,3,4
145,EAME,K666,1,1,2,3,3,3,3,3,2,3,3,3,1,2,2,4,4,4,3,3,2,3,3,4,1,2,2,4,3,4,3,4,2,3,3,4,1,1,2,2,3,3,3,3,2,3,4,3,1,1,2,4,4,4,4,4,2,3,3,3,1,2,3,3,5,4,4,5,3,3,3,2,2,1,3,3,3,3,3,3,3,3,3,4,0,1,2,4,4,4,3,4,2,3,3,5,1,2,2,3,3,3,3,3,3,3,3,3,1,1,2,3,3,4,4,3,3,4,2,4
146,EAME,K671,1,2,2,3,3,5,4,3,3,4,3,4,1,1,2,4,4,3,4,4,2,3,2,2,1,1,3,3,3,4,4,3,3,3,3,3,1,1,3,4,4,4,3,3,3,3,3,3,1,2,2,2,3,4,3,4,3,3,3,3,1,1,2,3,3,5,5,3,2,3,4,3,1,1,3,2,3,4,4,3,3,3,3,3,1,2,2,3,4,3,4,3,3,3,3,3,1,1,2,2,3,5,4,3,3,3,4,4,1,1,2,2,3,4,3,3,3,3,3,3
147,EAME,L010,1,2,3,3,3,4,3,3,2,3,3,3,1,1,3,3,3,5,3,3,3,3,3,4,1,1,3,3,3,4,4,4,2,3,2,2,1,1,3,3,3,4,3,3,3,3,4,3,1,1,4,3,3,4,3,4,4,3,3,3,1,1,2,3,4,4,4,3,3,4,3,3,1,1,2,3,3,5,3,3,3,2,3,4,1,1,2,3,3,3,5,3,3,3,3,4,1,1,3,3,3,3,3,3,2,3,3,3,1,1,2,4,4,3,3,3,3,4,3,2
148,EAME,L030,1,2,2,2,4,4,4,4,3,2,3,2,1,1,2,4,3,3,4,3,3,3,3,3,1,1,3,3,3,4,3,3,3,3,5,3,1,1,3,4,3,4,4,3,3,3,3,3,1,2,2,3,3,4,4,3,3,3,3,3,1,1,3,3,3,3,4,3,3,3,3,4,1,1,2,4,4,4,4,3,3,3,2,3,1,2,2,3,4,3,4,3,3,3,3,3,1,2,3,3,4,5,3,4,2,3,3,4,1,2,2,4,3,5,3,3,2,3,3,3
149,EAME,L040,1,2,3,3,4,4,3,3,3,4,3,3,1,1,2,2,3,5,4,3,3,3,3,3,1,2,3,2,3,5,3,3,2,2,3,4,1,1,4,2,4,5,4,3,2,3,4,3,1,1,2,4,3,4,3,3,3,3,3,3,1,1,3,3,3,5,3,4,3,3,3,3,1,2,3,3,3,4,3,3,3,3,4,3,1,1,2,3,3,5,3,4,2,3,3,3,1,2,2,3,3,5,4,3,4,3,3,4,1,1,2,3,3,4,3,2,3,3,3,3
150,EAME,L080,1,2,2,2,2,4,4,2,3,3,3,3,1,1,2,2,4,4,3,3,3,4,3,3,1,2,3,3,4,4,3,3,3,3,2,4,1,1,2,3,3,3,4,3,2,4,3,3,1,1,3,4,4,3,3,4,3,4,3,3,2,1,2,2,4,4,3,3,3,3,3,3,1,2,2,4,4,5,4,5,4,3,3,3,2,1,3,2,4,3,3,3,3,3,2,3,2,1,3,3,3,4,4,4,4,3,3,2,2,1,2,2,3,4,4,3,2,3,3,2
151,EAME,L100,1,1,3,2,3,4,4,4,3,3,2,3,1,1,3,3,3,4,3,3,3,3,3,3,1,1,2,3,3,4,5,3,3,3,3,2,1,2,2,3,2,4,3,3,2,4,3,2,1,1,3,3,3,4,3,5,3,4,3,3,1,1,2,3,3,4,3,2,3,3,3,4,1,1,3,3,4,4,4,3,2,2,4,3,1,2,2,3,4,5,4,3,2,4,3,3,1,1,2,3,3,4,4,3,3,3,3,3,1,2,2,4,3,5,4,4,2,3,3,3
152,EAME,L110,1,2,2,2,3,4,3,3,2,3,3,4,1,2,3,3,4,4,4,2,2,3,3,2,1,1,2,4,3,4,3,4,2,3,3,4,1,1,2,2,3,4,3,3,3,4,4,2,2,2,1,3,3,4,4,3,3,3,3,3,1,1,2,3,3,4,3,2,2,3,4,3,1,1,3,3,5,4,4,3,3,3,3,2,1,1,2,2,4,4,3,4,2,3,2,2,1,1,2,3,2,5,3,4,2,3,4,4,1,1,3,3,3,5,4,3,2,3,4,3
153,EAME,L240,2,2,3,3,4,5,4,3,2,3,3,4,1,1,3,3,2,4,5,3,2,3,3,3,1,1,2,3,4,4,4,4,2,3,3,3,1,1,2,2,3,3,4,4,2,3,3,3,1,1,2,4,4,4,4,3,2,4,3,2,1,1,2,3,3,4,4,4,2,3,2,3,1,2,2,3,4,4,4,2,3,3,3,3,1,1,2,2,3,4,3,2,2,3,3,3,1,1,2,3,3,4,3,2,3,3,4,3,1,1,2,4,2,3,4,3,3,3,3,3
154,EAME,L24A,2,1,3,3,4,5,4,3,2,3,4,3,1,1,2,3,3,4,4,4,3,3,3,3,1,1,3,3,3,3,3,3,3,3,2,3,2,1,2,3,2,4,3,3,2,3,3,3,1,1,2,3,3,3,3,3,3,3,2,3,1,1,3,2,4,4,4,3,3,3,2,3,1,2,3,3,3,4,3,3,3,4,3,3,1,2,3,3,3,3,3,3,2,3,4,3,1,1,2,3,3,3,3,4,2,2,4,3,1,1,3,3,4,4,3,3,3,4,3,3
155,EAME,L310,1,1,2,3,3,4,3,3,2,3,3,3,1,1,3,3,3,4,2,3,2,4,4,3,1,1,2,3,3,3,4,4,2,4,3,3,1,1,3,3,3,4,4,3,3,3,3,3,1,1,2,2,3,5,4,4,3,3,2,4,1,1,2,3,3,4,5,3,2,3,4,3,1,2,2,3,3,4,4,3,3,2,3,4,1,1,2,2,3,4,4,3,2,4,3,3,1,1,2,3,3,4,3,4,3,4,3,4,2,2,2,2,3,4,3,3,3,4,2,3
156,EAME,L390,1,1,3,2,3,3,3,4,2,4,3,3,1,2,2,3,4,4,3,4,3,4,3,4,1,1,2,3,3,4,4,4,2,4,3,3,1,2,2,3,4,3,3,3,2,3,3,4,1,1,3,2,3,5,3,3,3,4,2,3,1,1,2,4,4,5,2,4,3,5,3,3,1,1,2,3,3,4,3,3,3,4,2,3,1,1,2,3,3,3,3,4,2,3,2,5,1,1,2,4,4,3,3,3,3,4,2,3,1,1,2,3,4,4,3,3,2,3,3,3
157,EAME,L400,1,1,2,3,3,4,4,4,2,5,3,3,1,2,2,3,4,4,3,3,3,3,4,3,1,1,3,3,3,5,3,3,2,3,3,4,1,1,2,3,4,4,4,3,2,2,2,4,1,1,2,3,3,4,3,3,2,3,3,3,1,1,3,3,3,4,4,3,2,3,2,3,1,1,3,3,3,5,4,4,2,3,3,3,1,1,2,3,3,4,3,3,3,3,3,3,1,2,4,4,3,5,3,3,2,3,3,3,1,1,2,3,3,3,3,3,2,3,5,3
158,EAME,M030,1,2,2,3,4,4,4,3,3,2,3,3,1,1,3,3,5,4,3,3,2,2,3,3,1,1,2,3,3,5,4,3,3,3,3,3,1,2,3,2,3,5,3,4,2,3,3,3,1,1,3,3,3,4,3,2,4,3,3,3,1,2,2,4,3,3,3,4,2,3,3,3,1,1,2,3,3,5,4,3,3,3,3,2,1,1,2,2,3,4,3,3,3,3,3,3,1,1,2,3,3,4,2,3,2,3,2,3,2,2,2,3,3,5,3,3,3,2,4,3
159,EAME,M040,1,1,2,3,3,4,3,3,3,4,3,3,1,2,2,3,5,3,4,3,3,3,3,2,1,1,3,3,3,4,5,4,3,3,3,3,1,1,2,2,4,4,3,3,3,3,3,3,1,1,2,3,3,4,3,4,3,3,2,3,1,2,3,3,2,4,4,4,3,3,3,3,1,1,3,3,3,3,3,4,2,3,3,3,1,1,2,3,3,4,3,3,2,3,3,3,1,1,2,3,3,4,4,3,3,4,3,3,1,1,2,2,4,4,4,3,3,3,3,4
160,EAME,M080,1,1,2,3,3,3,4,5,3,2,4,3,1,1,2,3,4,4,3,3,3,3,3,2,1,2,2,4,4,4,4,3,3,3,4,3,1,2,2,4,3,4,2,3,4,4,3,3,1,2,4,3,3,3,4,4,3,3,3,3,1,1,2,3,4,5,3,3,2,4,4,3,1,1,2,2,2,4,4,3,2,2,4,2,1,1,3,3,3,4,3,4,3,3,3,4,2,1,3,4,3,5,3,3,2,3,3,3,1,1,2,4,3,4,4,3,2,4,3,3
161,EAME,M180,1,1,2,2,3,4,5,3,2,3,2,3,1,1,3,3,3,5,3,3,3,4,4,3,1,1,2,3,4,3,5,2,2,3,3,2,1,1,2,3,3,6,3,3,2,2,3,3,1,2,2,3,3,4,3,4,3,4,3,3,1,1,3,3,4,4,3,3,3,3,3,3,1,1,2,3,4,4,3,3,3,2,3,3,1,2,2,3,3,4,3,4,2,3,4,3,1,2,2,3,4,5,4,3,2,3,3,3,1,1,3,3,3,5,4,3,2,3,3,2
162,EAME,M400,1,1,2,3,3,5,3,3,2,4,2,4,1,1,3,3,3,5,4,3,3,3,3,4,1,1,2,4,4,5,3,4,2,3,3,3,1,1,3,3,4,3,4,4,3,3,3,4,1,1,3,4,3,4,4,3,2,4,3,2,1,2,2,3,4,5,3,3,3,3,3,3,1,2,2,3,4,3,4,3,4,3,2,3,1,1,2,3,2,4,4,4,2,3,3,2,1,1,3,3,4,4,3,4,2,3,3,3,1,1,3,2,3,5,3,3,2,3,3,3
163,EAME,M450,1,2,3,2,4,4,4,3,3,2,4,3,1,1,3,3,3,4,3,3,4,4,3,4,1,1,2,3,4,5,3,3,3,3,3,3,1,1,2,3,3,3,3,3,2,3,4,3,1,2,2,3,3,3,3,3,4,3,3,3,1,2,3,3,3,5,4,3,2,3,3,3,1,1,2,3,3,4,3,4,2,4,4,2,1,2,3,2,3,5,3,4,3,3,4,3,2,1,2,3,3,5,3,5,2,3,3,3,1,1,3,3,3,5,4,4,2,4,4,3
164,EAME,M512,2,1,3,3,2,5,4,4,2,3,3,3,1,1,3,3,4,3,4,3,3,3,5,4,1,2,2,3,4,3,4,4,2,2,2,3,1,1,3,3,4,5,4,4,2,3,3,3,1,1,3,3,3,4,2,3,3,3,3,2,1,1,2,4,3,4,3,4,2,3,3,3,1,2,2,3,3,3,5,4,2,4,3,2,1,1,2,2,4,5,3,3,3,3,3,3,1,1,3,2,3,3,3,3,2,4,3,3,1,1,3,3,3,4,4,3,3,4,3,3
165,EAME,M530,1,1,3,3,4,4,3,3,2,3,3,2,1,1,3,2,4,5,4,3,2,3,3,3,1,2,2,2,3,4,4,4,2,3,3,3,1,1,3,3,3,3,3,4,2,4,4,3,1,1,2,3,4,4,5,4,2,4,2,3,1,1,3,3,3,4,3,4,2,5,4,3,1,1,2,4,3,3,4,3,3,2,3,3,1,1,2,2,3,4,3,3,2,2,3,4,1,1,2,2,5,4,3,4,2,3,4,3,1,2,2,3,5,5,4,4,3,3,4,4
166,EAME,M610,1,1,2,3,4,4,3,3,2,3,3,3,1,1,2,5,4,4,3,5,2,4,2,2,1,1,3,3,4,4,4,3,3,3,3,3,1,1,2,3,3,4,3,4,3,4,3,3,1,1,3,3,5,4,3,3,3,3,3,4,1,1,2,3,4,4,4,3,3,3,3,4,1,2,2,2,6,5,4,4,2,3,3,3,1,1,2,3,3,4,3,4,3,3,3,4,1,2,2,3,4,3,3,3,2,3,3,3,1,1,2,4,3,5,4,3,3,3,5,3
167,EAME,M620,1,1,3,3,5,4,4,3,3,3,3,4,1,1,2,3,4,5,4,3,2,3,3,3,1,1,2,4,4,4,4,4,2,5,3,3,1,1,2,2,4,5,3,3,3,4,3,4,1,1,2,3,3,4,3,4,3,3,3,3,0,1,2,3,3,4,3,4,3,3,3,4,1,1,3,3,3,3,4,3,2,3,3,3,1,2,3,3,3,4,4,3,2,3,3,2,1,1,2,3,4,5,3,3,2,3,4,4,1,1,3,3,4,4,3,3,3,4,3,3
168,EAME,Q160,1,1,3,3,3,4,3,3,3,3,3,3,1,2,3,3,4,4,4,4,3,3,2,2,1,1,3,3,4,5,3,4,2,3,3,3,1,1,2,3,5,4,4,3,3,3,2,3,1,1,2,3,3,3,4,3,3,3,4,3,1,1,3,3,3,5,4,3,3,3,2,3,1,1,2,3,3,5,3,3,3,3,3,2,0,1,2,2,4,3,3,4,3,3,3,3,1,1,3,3,3,4,3,3,3,3,2,3,1,1,2,5,4,5,3,3,2,3,4,4
169,EAME,Q300,1,2,3,2,3,3,4,5,2,4,3,3,1,1,2,2,3,4,4,3,3,3,3,2,1,1,2,3,3,4,3,3,2,3,3,3,1,1,2,2,4,4,3,3,3,3,3,4,2,1,3,3,5,4,4,3,3,3,3,3,1,1,3,3,3,4,4,3,2,3,3,3,1,2,3,2,4,4,2,3,2,3,3,4,1,2,2,2,3,4,4,3,3,3,2,4,1,1,2,3,3,5,4,3,3,3,4,3,1,1,3,3,2,4,3,3,3,3,3,3
170,EAME,Q301,1,1,2,3,3,4,5,3,2,3,3,2,1,1,3,2,3,4,3,3,2,4,3,3,1,1,3,3,4,4,4,3,2,3,3,4,1,1,2,3,5,5,3,3,3,4,3,4,1,1,3,3,3,4,3,3,3,3,3,3,1,1,2,3,3,3,3,2,2,3,3,3,1,1,2,2,4,4,3,2,2,3,3,4,1,1,3,3,3,4,4,2,3,3,3,3,1,2,2,5,4,4,4,4,2,3,3,3,1,1,3,4,3,3,4,2,2,3,4,3
171,EAME,Q302,1,1,2,2,3,4,4,3,3,5,2,3,1,1,2,3,3,4,3,3,3,3,3,3,1,3,2,3,4,4,4,3,3,3,3,3,1,1,2,3,3,4,4,3,3,4,3,4,1,1,2,3,3,3,4,3,2,2,4,3,1,1,2,3,4,3,4,3,2,3,3,3,1,1,4,3,3,7,3,3,3,4,3,4,1,1,2,3,3,3,4,3,3,2,3,3,1,1,3,2,3,4,3,3,2,4,3,4,1,1,2,3,3,5,4,4,2,3,3,3
172,EAME,Q303,1,1,3,2,4,6,3,3,3,3,3,3,1,1,2,3,3,3,4,3,3,3,4,3,1,1,3,3,4,4,3,4,3,3,4,3,1,1,2,3,3,4,4,3,3,4,3,4,1,1,3,3,3,4,3,5,2,2,3,3,1,1,2,4,4,4,5,3,2,3,3,3,1,1,4,4,3,4,3,3,2,3,3,3,1,1,2,2,4,3,3,3,3,3,3,2,1,1,3,3,3,4,4,4,3,3,4,2,1,1,2,3,3,5,4,3,2,3,3,3
173,EAME,Q305,1,1,3,3,3,4,5,4,2,2,3,3,1,2,2,3,3,4,5,4,4,3,3,3,1,1,4,4,3,4,3,5,2,3,3,3,1,2,2,3,3,4,5,3,3,3,4,3,1,1,2,3,4,5,3,3,3,4,4,3,1,1,2,3,3,4,3,3,3,3,3,3,2,1,3,3,3,4,4,4,3,3,3,3,1,1,3,3,3,3,4,3,2,3,4,3,2,1,2,3,4,5,3,3,3,3,4,3,1,1,4,3,4,5,4,3,3,3,4,3
174,EAME,Q630,1,2,3,3,3,4,4,3,3,3,4,3,2,2,4,3,4,4,3,3,3,3,3,5,1,1,2,4,4,5,4,3,3,3,2,3,1,1,3,2,4,4,4,3,3,3,2,3,1,1,2,3,3,4,3,3,3,3,3,3,1,1,3,3,4,4,5,3,2,3,3,4,1,1,2,3,3,4,3,3,2,3,2,3,1,1,2,3,3,4,5,3,3,3,3,3,1,1,2,3,4,5,3,4,3,3,3,3,1,1,2,3,4,3,4,3,2,4,3,3
175,EAME,V208,1,1,2,3,4,4,3,3,3,3,3,2,1,1,2,3,3,4,4,4,3,4,3,3,1,1,3,3,3,4,3,4,2,3,2,2,1,1,2,3,3,4,6,3,3,3,3,2,1,1,2,2,3,5,3,3,2,3,2,3,1,1,3,4,3,4,3,4,2,3,3,3,1,1,2,2,3,4,4,3,2,3,3,3,1,1,2,3,4,4,4,4,3,4,3,2,1,1,2,3,4,4,3,4,3,3,3,3,1,1,2,3,4,4,4,4,3,3,2,2
176,EAME,V21A,1,2,1,3,3,4,3,3,3,3,4,3,2,1,2,3,4,5,4,3,3,2,2,3,1,1,2,3,4,5,4,3,3,4,3,3,1,1,3,3,4,5,4,3,2,3,3,3,1,1,3,3,3,4,4,3,3,3,3,2,1,1,3,3,3,4,3,2,2,3,2,2,1,1,3,3,4,4,3,4,4,3,3,3,1,2,2,2,3,5,3,3,3,4,3,3,1,1,2,3,3,4,4,3,3,2,3,3,1,1,2,4,4,4,3,3,3,3,3,2
177,EAME,V21D,1,2,2,3,3,4,4,3,3,3,3,3,1,2,2,3,3,5,4,3,3,3,4,4,1,1,2,3,3,6,3,4,3,3,3,3,1,1,2,4,3,4,3,5,3,3,3,3,2,1,3,2,3,4,4,3,2,3,3,2,1,1,2,3,3,5,3,5,3,4,3,3,1,1,2,2,3,4,4,4,3,3,3,3,1,1,2,2,5,5,4,4,3,3,3,2,1,1,2,3,3,5,4,4,3,3,4,4,1,1,3,4,5,4,4,3,2,3,4,4
178,EAME,V234,1,1,2,2,4,3,4,3,3,3,3,3,1,2,2,2,3,3,3,3,3,3,3,2,1,1,3,3,3,4,3,3,2,3,2,3,1,1,2,4,4,5,4,3,2,3,3,3,1,1,2,3,4,4,3,3,2,3,3,3,1,1,2,3,3,4,3,4,2,4,4,3,2,1,2,4,3,4,3,3,2,4,3,3,1,1,2,3,3,3,4,4,3,4,3,2,1,1,2,2,3,4,3,4,3,3,3,3,1,1,2,3,3,4,4,4,3,3,3,3
179,EAME,V237,1,1,3,2,3,5,3,4,3,3,3,4,1,1,4,4,3,3,3,4,3,3,3,3,1,1,2,3,4,3,3,3,2,3,4,3,1,1,3,3,3,4,3,3,3,4,3,3,1,1,3,3,3,3,3,3,3,4,3,2,1,2,2,3,4,4,3,2,2,4,4,2,1,1,3,2,3,4,3,3,3,3,3,3,1,1,2,3,3,4,3,3,3,3,3,3,1,2,2,3,3,5,3,3,3,3,3,3,1,1,2,3,3,4,3,3,3,4,3,4
180,EAME,V255,1,1,2,3,3,5,4,3,3,3,3,2,2,2,2,3,4,5,4,4,2,4,4,4,1,1,2,3,4,4,3,3,2,3,3,3,2,2,3,3,3,4,3,3,3,4,3,3,1,1,2,3,4,4,4,3,2,3,4,3,2,1,3,3,3,4,5,2,2,3,2,4,1,1,2,3,4,4,4,3,2,4,3,3,1,2,2,3,3,4,3,3,3,3,3,2,1,1,3,3,3,5,5,3,4,4,3,3,1,1,2,3,3,4,3,3,3,3,2,3
181,EAME,V262,1,1,2,3,4,4,4,4,3,4,3,3,1,1,2,3,3,4,3,4,2,3,3,3,1,2,3,4,4,4,3,4,3,3,3,3,1,1,3,3,4,4,3,2,2,3,2,3,1,1,3,3,4,5,3,3,2,3,3,4,1,2,2,3,4,4,3,4,3,4,4,2,1,1,3,3,3,4,4,4,2,3,3,3,2,1,3,4,3,5,4,4,3,3,3,3,1,1,2,3,3,3,3,3,4,3,3,4,1,1,2,4,3,4,3,3,2,3,2,2
182,EAME,V266,1,1,2,3,3,3,3,3,3,3,2,3,1,1,2,3,3,4,3,4,3,3,3,4,1,2,3,3,3,5,3,4,3,4,4,3,1,1,2,3,2,4,4,4,3,3,2,3,1,1,2,2,3,5,3,3,3,3,3,3,1,1,2,3,4,4,3,3,2,3,4,3,1,1,3,4,3,4,3,3,3,3,3,3,1,1,3,3,4,4,4,4,3,3,3,3,1,2,3,3,4,4,3,4,2,3,2,3,1,1,3,3,3,4,4,3,3,3,3,3
183,EAME,V27E,1,2,3,3,3,4,4,3,2,4,3,4,1,2,2,2,4,4,5,3,3,3,3,3,1,1,3,3,3,4,4,3,2,2,2,3,1,1,2,2,3,5,4,4,2,3,3,2,1,1,2,3,4,4,3,4,2,4,3,3,1,1,3,3,3,3,4,3,2,4,3,4,1,1,2,3,3,3,3,3,3,4,3,3,2,1,3,3,3,4,4,4,3,3,3,4,1,1,3,3,3,4,4,4,3,3,4,3,1,2,3,3,4,3,3,3,3,4,3,2
184,EAME,V27F,1,1,2,3,4,5,4,3,3,3,3,3,1,2,2,4,3,5,3,3,2,5,3,3,1,1,2,3,4,3,3,3,3,3,3,2,1,1,2,2,3,3,3,3,3,3,3,3,1,1,3,4,3,4,3,4,3,3,3,3,1,2,2,3,3,4,3,3,3,3,2,4,1,1,2,3,3,4,4,4,3,4,4,4,1,2,2,3,4,5,4,3,3,3,3,2,1,1,3,3,3,5,4,3,4,4,3,3,1,2,3,3,2,5,2,4,3,3,3,3
185,EAME,V27U,1,1,2,3,3,6,3,3,3,4,3,4,1,1,3,3,3,5,5,3,3,4,3,3,1,1,3,3,3,4,4,4,3,3,4,3,1,1,2,3,3,4,3,5,2,3,2,2,1,1,2,3,3,4,3,3,3,2,3,3,1,1,2,3,3,4,3,3,2,3,3,4,1,1,2,3,4,4,3,4,3,3,3,3,1,1,2,2,3,3,3,4,2,3,3,4,1,1,2,3,4,4,4,4,3,3,2,3,1,1,3,3,4,6,4,3,3,3,3,3
186,EAME,V351,1,1,2,3,3,4,3,4,2,4,3,4,1,1,2,3,3,5,3,2,3,3,3,3,1,1,3,3,4,3,4,4,2,2,2,4,1,1,2,3,3,5,4,3,3,3,3,3,1,2,3,3,3,5,3,3,3,4,2,4,1,1,2,3,3,4,4,3,3,3,3,3,1,1,3,5,4,4,4,3,3,3,3,3,1,2,2,3,4,5,3,3,2,3,2,3,1,2,3,3,3,5,3,4,3,3,3,3,1,1,3,2,4,3,3,4,3,4,3,3
187,EAME,V362,1,1,2,3,3,5,3,4,2,3,3,3,1,2,3,3,3,4,4,3,2,2,2,3,1,1,2,2,3,4,3,4,2,2,3,4,1,1,3,3,4,4,3,3,2,3,4,3,1,2,3,3,4,4,4,4,3,3,2,2,1,1,2,3,3,4,4,3,4,4,3,3,1,2,3,4,3,4,4,4,2,3,4,3,1,2,3,3,4,4,4,2,3,3,3,3,1,1,2,4,3,4,4,3,3,3,3,3,1,1,3,3,3,4,3,3,2,3,3,3
188,EAME,V363,1,2,2,3,4,4,3,4,2,2,3,3,1,1,2,3,3,4,3,4,2,4,4,3,1,1,2,4,3,4,4,4,3,4,3,3,1,1,3,3,4,3,4,3,3,2,3,3,1,1,2,3,4,4,3,4,4,3,3,3,1,1,2,3,3,4,3,4,3,3,3,3,1,1,2,2,4,4,4,4,2,3,3,3,1,1,2,4,4,3,4,3,3,3,4,3,1,1,3,3,4,4,4,3,3,3,3,3,1,1,2,3,2,6,4,4,3,3,3,3
189,EAME,X080,1,2,2,4,3,4,3,3,3,3,3,3,1,1,2,3,3,5,4,3,3,4,3,2,1,1,3,3,3,4,4,3,3,3,3,5,2,1,2,3,3,4,3,3,3,3,2,4,1,2,2,2,4,3,3,3,2,2,3,3,1,1,2,3,3,4,4,2,3,3,3,3,1,1,3,3,3,4,4,3,3,4,3,3,1,2,2,4,3,4,4,4,3,3,2,3,1,1,3,3,3,3,3,3,3,4,3,3,1,1,2,3,4,5,4,3,3,4,3,3
190,EAME,X150,1,1,2,3,4,4,3,3,2,3,3,3,1,1,3,3,3,5,3,4,4,3,3,3,1,1,2,4,3,4,3,3,3,4,3,4,1,1,2,3,3,4,3,3,3,3,3,4,1,1,2,3,3,5,4,3,3,3,4,2,1,1,3,3,4,4,4,4,3,4,3,3,1,1,3,4,3,3,4,3,3,3,3,3,2,1,2,3,3,5,4,3,3,3,3,4,1,1,3,3,4,5,3,3,2,2,4,2,1,1,2,4,3,3,3,3,2,3,3,3
191,EAME,X171,1,2,2,2,4,4,3,3,3,2,5,3,1,1,2,4,3,5,3,3,3,4,3,3,1,1,3,4,3,5,3,4,2,3,3,3,1,1,2,4,3,4,3,2,2,4,3,3,1,1,2,2,3,3,3,3,4,4,3,3,1,1,3,3,2,4,3,3,2,3,3,3,1,1,3,3,3,4,4,3,2,3,3,2,1,2,2,3,3,4,4,3,3,2,3,4,1,1,2,3,4,4,4,4,3,3,2,3,1,1,3,4,3,3,3,3,3,3,3,2
192,EAME,X190,1,2,2,3,3,4,4,4,4,3,5,4,1,1,2,2,3,5,4,3,2,3,3,4,1,2,2,3,4,3,4,3,3,3,4,3,1,1,2,4,3,4,4,4,2,4,3,3,1,1,2,3,3,3,3,3,2,3,3,3,1,1,3,3,5,5,5,4,3,3,3,3,1,2,3,3,3,5,3,3,2,3,3,3,1,1,3,3,3,4,3,4,4,2,4,2,1,1,2,4,3,4,4,3,2,3,2,4,1,1,2,3,4,3,3,2,3,3,3,3
193,EAME,X191,1,1,2,3,3,4,3,3,3,4,3,4,1,2,3,4,3,5,3,3,3,3,3,4,1,1,2,3,3,5,3,4,3,3,3,2,1,1,2,3,4,4,4,3,2,4,3,3,2,1,3,3,3,5,3,4,4,3,3,4,2,2,2,3,3,4,4,4,3,3,2,3,1,1,3,3,3,3,3,4,3,3,3,3,2,1,3,3,3,4,4,3,4,3,3,3,1,1,2,3,3,5,4,3,2,3,3,3,1,1,2,3,5,4,4,3,2,3,3,2
194,EAME,X260,1,1,3,3,3,5,3,4,3,4,3,2,1,1,2,2,4,4,5,3,2,3,3,2,1,1,2,3,3,3,3,3,4,4,4,2,1,2,3,2,3,4,3,3,3,3,3,3,1,1,3,3,4,4,4,4,3,3,3,3,1,2,3,3,4,4,4,3,3,3,3,3,1,2,3,3,3,4,4,4,3,3,3,3,1,1,2,2,3,4,4,5,2,3,3,3,1,1,2,2,3,3,4,4,3,3,2,3,1,1,2,2,3,4,4,4,2,2,4,3
195,EAME,X320,1,1,3,4,3,4,3,3,3,3,3,3,1,1,2,3,4,4,4,5,3,3,3,3,1,2,2,3,4,4,3,3,2,3,3,3,1,1,2,4,3,3,3,4,4,3,3,4,1,1,2,4,3,3,4,4,3,3,3,2,1,1,3,3,3,3,3,3,3,3,4,2,1,1,2,3,3,5,3,3,2,3,3,3,1,2,2,2,3,4,3,4,3,3,2,3,1,1,3,4,3,4,3,3,3,4,3,3,1,1,2,4,4,5,4,3,3,3,3,2
196,EAME,X350,1,1,3,2,3,4,3,3,3,3,3,3,1,1,2,3,4,4,3,3,3,3,4,3,1,1,3,2,5,5,4,3,2,4,3,4,1,1,2,3,3,5,4,3,2,3,3,3,1,1,2,2,3,4,3,4,3,3,2,3,1,2,3,3,4,4,2,3,2,4,3,2,1,2,2,3,3,4,4,4,3,3,4,3,1,1,2,2,4,4,4,4,3,3,3,3,1,1,2,3,4,4,3,4,3,4,4,3,1,1,3,2,3,4,2,5,3,3,3,4
197,EAME,X355,1,2,2,3,3,5,3,4,3,3,3,3,1,1,3,3,3,5,4,3,2,2,3,2,1,1,2,3,4,4,4,3,2,3,3,3,1,1,3,3,3,4,4,5,3,3,3,3,1,1,2,3,3,4,2,3,3,3,3,3,1,1,2,3,3,4,4,3,3,3,3,3,1,2,3,4,3,4,3,4,2,3,3,3,1,1,2,3,3,5,3,3,3,3,5,4,1,1,3,3,3,5,4,3,3,3,3,4,1,1,3,3,3,4,3,5,2,3,4,2
198,EAME,X490,1,1,2,3,4,4,3,4,2,4,3,3,1,2,2,3,3,4,4,3,2,3,4,3,1,1,3,3,4,4,3,3,3,5,3,3,1,1,4,3,4,4,3,4,3,4,3,3,1,2,2,4,4,4,3,3,2,3,2,3,1,1,3,2,3,3,3,4,2,4,4,3,1,1,4,2,3,4,3,3,3,3,4,2,1,1,3,3,3,3,3,3,2,3,2,3,1,1,3,3,3,4,3,3,3,3,4,3,1,2,2,3,3,4,3,3,3,4,3,3
199,EAME,X540,1,2,2,3,3,3,5,4,2,3,4,3,1,1,2,2,3,4,3,3,2,3,2,2,1,1,3,3,3,4,3,4,3,3,3,3,1,1,2,4,3,3,3,4,2,3,3,3,1,2,2,4,3,3,4,4,2,3,4,3,1,2,2,3,3,4,4,3,2,4,3,3,1,1,2,3,3,4,3,4,3,3,3,3,1,1,2,2,3,3,5,3,3,3,3,3,1,1,2,3,4,4,3,3,3,3,3,3,1,2,2,3,4,4,3,2,2,3,3,3
